"path","bytes","mib","sha256","git_state","primary_category","lifecycle","extension","source_or_generated_by","referenced_by","reference_kind","load_method","res_path","current_exported","current_filter_match","proposed_export_action","keep_in_git","sidecar_of","duplicate_group_sha256","protected_evidence","move_requires_approval","notes"
"assets/ui/comic/reference_phase167_player_room_clean_floor_runtime_v1.png","2945547","2,8091","2B2FBC2F6CD44C7F94831E6C91C6CD2C5AD8336C25A7A3FC2E8677A5F7DBA40B","untracked","test_or_versioned_reference","validation",".png","user-approved Phase167 runtime capture",".agents/skills/how-to-grow-validation/references/visual-cases.json","golden/test/capture","not_runtime","","no","assets/ui/comic/**","keep; already excluded from export","yes","","2B2FBC2F6CD44C7F94831E6C91C6CD2C5AD8336C25A7A3FC2E8677A5F7DBA40B","yes","no","byte-identical but semantically distinct golden ID; preserve"
"assets/ui/comic/reference_phase167_player_room_clean_floor_runtime_v1.png.import","1079","0,001","A43FC43319A7A2031CB047247DC44E7B1D3CE743150F066ACEA67A0497AC598D","untracked","test_or_versioned_reference","validation",".import","user-approved Phase167 runtime capture",".agents/skills/how-to-grow-validation/references/visual-cases.json","golden/test/capture","not_runtime","","no","assets/ui/comic/**","keep; already excluded from export","yes","assets/ui/comic/reference_phase167_player_room_clean_floor_runtime_v1.png","","yes","no",""
"assets/ui/comic/reference_phase167_player_room_full_cloche_runtime_v1.png","2945547","2,8091","2B2FBC2F6CD44C7F94831E6C91C6CD2C5AD8336C25A7A3FC2E8677A5F7DBA40B","untracked","test_or_versioned_reference","validation",".png","user-approved Phase167 runtime capture",".agents/skills/how-to-grow-validation/references/visual-cases.json","golden/test/capture","not_runtime","","no","assets/ui/comic/**","keep; already excluded from export","yes","","2B2FBC2F6CD44C7F94831E6C91C6CD2C5AD8336C25A7A3FC2E8677A5F7DBA40B","yes","no","byte-identical but semantically distinct golden ID; preserve"
"assets/ui/comic/reference_phase167_player_room_full_cloche_runtime_v1.png.import","1079","0,001","41432EB38ABEF804AA9F0560A67B90769B0825531BA1EBA197DC2B33AE54C27A","untracked","test_or_versioned_reference","validation",".import","user-approved Phase167 runtime capture",".agents/skills/how-to-grow-validation/references/visual-cases.json","golden/test/capture","not_runtime","","no","assets/ui/comic/**","keep; already excluded from export","yes","assets/ui/comic/reference_phase167_player_room_full_cloche_runtime_v1.png","","yes","no",""
"assets/ui/comic/reference_phase167_player_room_full_runtime_v1.png","2945547","2,8091","2B2FBC2F6CD44C7F94831E6C91C6CD2C5AD8336C25A7A3FC2E8677A5F7DBA40B","untracked","test_or_versioned_reference","validation",".png","user-approved Phase167 runtime capture",".agents/skills/how-to-grow-validation/references/visual-cases.json","golden/test/capture","not_runtime","","no","assets/ui/comic/**","keep; already excluded from export","yes","","2B2FBC2F6CD44C7F94831E6C91C6CD2C5AD8336C25A7A3FC2E8677A5F7DBA40B","yes","no","byte-identical but semantically distinct golden ID; preserve"
"assets/ui/comic/reference_phase167_player_room_full_runtime_v1.png.import","1057","0,001","4D98165F217691E64C2D8F80F6D9C743CB680F9A0A3089B6C7DE772B13EC68CF","untracked","test_or_versioned_reference","validation",".import","user-approved Phase167 runtime capture",".agents/skills/how-to-grow-validation/references/visual-cases.json","golden/test/capture","not_runtime","","no","assets/ui/comic/**","keep; already excluded from export","yes","assets/ui/comic/reference_phase167_player_room_full_runtime_v1.png","","yes","no",""
"assets/ui/comic/reference_phase167_player_room_phone_save_runtime_v1.png","2680231","2,5561","E0DCC5EC170D0D59107CA8BE1A3AAF422A31532AC37D813A74E8E4353EB0F0CF","untracked","test_or_versioned_reference","validation",".png","user-approved Phase167 runtime capture",".agents/skills/how-to-grow-validation/references/visual-cases.json","golden/test/capture","not_runtime","","no","assets/ui/comic/**","keep; already excluded from export","yes","","","yes","no",""
"assets/ui/comic/reference_phase167_player_room_phone_save_runtime_v1.png.import","1076","0,001","4E483E3EFBF88218E4215E55B6526254B7B49C8E424EFFD0CE6F4C751684FA38","untracked","test_or_versioned_reference","validation",".import","user-approved Phase167 runtime capture",".agents/skills/how-to-grow-validation/references/visual-cases.json","golden/test/capture","not_runtime","","no","assets/ui/comic/**","keep; already excluded from export","yes","assets/ui/comic/reference_phase167_player_room_phone_save_runtime_v1.png","","yes","no",""
"assets/ui/comic/reference_phase167_player_room_sparse_runtime_v1.png","2585939","2,4661","4B3610539599F0233F4B2734417B683DD7D0D020ACC0BCC188FAC4F68ABA7AE0","untracked","test_or_versioned_reference","validation",".png","user-approved Phase167 runtime capture",".agents/skills/how-to-grow-validation/references/visual-cases.json","golden/test/capture","not_runtime","","no","assets/ui/comic/**","keep; already excluded from export","yes","","","yes","no",""
"assets/ui/comic/reference_phase167_player_room_sparse_runtime_v1.png.import","1064","0,001","7CC49321208119C401951E62848F056D9BF1A11CE8064B9B9A744D6C783F1B4A","untracked","test_or_versioned_reference","validation",".import","user-approved Phase167 runtime capture",".agents/skills/how-to-grow-validation/references/visual-cases.json","golden/test/capture","not_runtime","","no","assets/ui/comic/**","keep; already excluded from export","yes","assets/ui/comic/reference_phase167_player_room_sparse_runtime_v1.png","","yes","no",""
"assets/ui/visual/phase167/player_room/phase167_plant_alpha_manifest.json","9562","0,0091","8DABD24E4493FA5BEF72F153E4FE74D4CBFFFBDA3E89B510AFEB24926C80D0FB","untracked","source_art","source",".json","tools/build_phase167_room_plant_alpha.py","","","not_runtime","","yes","none","keep in Git; add assets/ui/visual/phase167/** to export exclusions","yes","","","no","yes",""
"assets/ui/visual/phase167/player_room/plants/room_plant_coleus_phase167.png","148452","0,1416","A2D9F31EFC807DC908486114400341210EDBB835F97809E8E82690D397475B93","untracked","source_art","source",".png","tools/build_phase167_room_plant_alpha.py","","","not_runtime","","yes","none","keep in Git; add assets/ui/visual/phase167/** to export exclusions","yes","","","no","yes",""
"assets/ui/visual/phase167/player_room/plants/room_plant_coleus_phase167.png.import","1025","0,001","7DDFE9789D005149234E954EDA5B9EE4819285CD3E9966225A2FACA110B4D7C1","untracked","source_art","source",".import","tools/build_phase167_room_plant_alpha.py","","","not_runtime","","yes","none","keep in Git; add assets/ui/visual/phase167/** to export exclusions","yes","assets/ui/visual/phase167/player_room/plants/room_plant_coleus_phase167.png","","no","yes",""
"assets/ui/visual/phase167/player_room/plants/room_plant_compact_aglaonema_phase167.png","150722","0,1437","187E998439B2A0B9FFD6371398F2344E7677A00DCAD18213D94A22FA21FD97D4","untracked","source_art","source",".png","tools/build_phase167_room_plant_alpha.py","","","not_runtime","","yes","none","keep in Git; add assets/ui/visual/phase167/** to export exclusions","yes","","","no","yes",""
"assets/ui/visual/phase167/player_room/plants/room_plant_compact_aglaonema_phase167.png.import","1058","0,001","58B4BC510B94E51A391603CF72226D4998329DF63F75AB33993A2B077ADCE722","untracked","source_art","source",".import","tools/build_phase167_room_plant_alpha.py","","","not_runtime","","yes","none","keep in Git; add assets/ui/visual/phase167/** to export exclusions","yes","assets/ui/visual/phase167/player_room/plants/room_plant_compact_aglaonema_phase167.png","","no","yes",""
"assets/ui/visual/phase167/player_room/plants/room_plant_fern_phase167.png","150121","0,1432","90ED99E2F17D7BE87EA002E622D689C93C9BEC739E620D68692FF31AAB16200B","untracked","source_art","source",".png","tools/build_phase167_room_plant_alpha.py","","","not_runtime","","yes","none","keep in Git; add assets/ui/visual/phase167/** to export exclusions","yes","","","no","yes",""
"assets/ui/visual/phase167/player_room/plants/room_plant_fern_phase167.png.import","1020","0,001","32D3879B5ADCDEB2FE8E13B627718039F6F83352D625670722AED730FA874A55","untracked","source_art","source",".import","tools/build_phase167_room_plant_alpha.py","","","not_runtime","","yes","none","keep in Git; add assets/ui/visual/phase167/** to export exclusions","yes","assets/ui/visual/phase167/player_room/plants/room_plant_fern_phase167.png","","no","yes",""
"assets/ui/visual/phase167/player_room/plants/room_plant_fittonia_phase167.png","150410","0,1434","F523DE58BE59782557AED0A7254E7F8DAECEC5BDA2C528CA32602C479316896E","untracked","source_art","source",".png","tools/build_phase167_room_plant_alpha.py","","","not_runtime","","yes","none","keep in Git; add assets/ui/visual/phase167/** to export exclusions","yes","","","no","yes",""
"assets/ui/visual/phase167/player_room/plants/room_plant_fittonia_phase167.png.import","1032","0,001","5EC8923E472A6A7A5F6F397AF502DA675BEA8E77ECD142769926D87C26C2CB95","untracked","source_art","source",".import","tools/build_phase167_room_plant_alpha.py","","","not_runtime","","yes","none","keep in Git; add assets/ui/visual/phase167/** to export exclusions","yes","assets/ui/visual/phase167/player_room/plants/room_plant_fittonia_phase167.png","","no","yes",""
"assets/ui/visual/phase167/player_room/plants/room_plant_flowering_begonia_phase167.png","158053","0,1507","CE8F34EFE902ADD3C14E534E0E62DB51711A35C2CE643BFD43FA280F258CB5E5","untracked","source_art","source",".png","tools/build_phase167_room_plant_alpha.py","","","not_runtime","","yes","none","keep in Git; add assets/ui/visual/phase167/** to export exclusions","yes","","","no","yes",""
"assets/ui/visual/phase167/player_room/plants/room_plant_flowering_begonia_phase167.png.import","1059","0,001","1D19736DB0B2DAB86B69D601C91F94DCC499D5030B585D344B0E8FB8B4101B8C","untracked","source_art","source",".import","tools/build_phase167_room_plant_alpha.py","","","not_runtime","","yes","none","keep in Git; add assets/ui/visual/phase167/** to export exclusions","yes","assets/ui/visual/phase167/player_room/plants/room_plant_flowering_begonia_phase167.png","","no","yes",""
"assets/ui/visual/phase167/player_room/plants/room_plant_glossy_broadleaf_phase167.png","137126","0,1308","CE69E6A69F499A9E75488E069E2E8E64E00EBCA40FD9D123086CD1365547CD38","untracked","source_art","source",".png","tools/build_phase167_room_plant_alpha.py","","","not_runtime","","yes","none","keep in Git; add assets/ui/visual/phase167/** to export exclusions","yes","","","no","yes",""
"assets/ui/visual/phase167/player_room/plants/room_plant_glossy_broadleaf_phase167.png.import","1056","0,001","9F72BB01630C6E2A4F1DFFD7FABB974E3B416508B9F44173009BBA90E26521F5","untracked","source_art","source",".import","tools/build_phase167_room_plant_alpha.py","","","not_runtime","","yes","none","keep in Git; add assets/ui/visual/phase167/** to export exclusions","yes","assets/ui/visual/phase167/player_room/plants/room_plant_glossy_broadleaf_phase167.png","","no","yes",""
"assets/ui/visual/phase167/player_room/plants/room_plant_lemon_maranta_phase167.png","142836","0,1362","27DC25334B79F81C444A163305E42E6ECCC5D4E2A256979EB1CFAE7888FB21B7","untracked","source_art","source",".png","tools/build_phase167_room_plant_alpha.py","","","not_runtime","","yes","none","keep in Git; add assets/ui/visual/phase167/** to export exclusions","yes","","","no","yes",""
"assets/ui/visual/phase167/player_room/plants/room_plant_lemon_maranta_phase167.png.import","1047","0,001","B2B160FFFAB8219EBFF832DE7ACF597CCDE9C752E414B20DAED3CCD28B3F5E2B","untracked","source_art","source",".import","tools/build_phase167_room_plant_alpha.py","","","not_runtime","","yes","none","keep in Git; add assets/ui/visual/phase167/** to export exclusions","yes","assets/ui/visual/phase167/player_room/plants/room_plant_lemon_maranta_phase167.png","","no","yes",""
"assets/ui/visual/phase167/player_room/plants/room_plant_orchid_phase167.png","157131","0,1499","1BBDAA1747ABE1B48343727CBE454F62454D086BFEA006129731A18611B05C64","untracked","source_art","source",".png","tools/build_phase167_room_plant_alpha.py","","","not_runtime","","yes","none","keep in Git; add assets/ui/visual/phase167/** to export exclusions","yes","","","no","yes",""
"assets/ui/visual/phase167/player_room/plants/room_plant_orchid_phase167.png.import","1025","0,001","ACC5B3537951ACD6B3780E6A9133A0E0A21BD2B12CFDD79EB2BA931C07947538","untracked","source_art","source",".import","tools/build_phase167_room_plant_alpha.py","","","not_runtime","","yes","none","keep in Git; add assets/ui/visual/phase167/** to export exclusions","yes","assets/ui/visual/phase167/player_room/plants/room_plant_orchid_phase167.png","","no","yes",""
"assets/ui/visual/phase167/player_room/plants/room_plant_pothos_phase167.png","155797","0,1486","127E7118601248C55CFA5577E92CDAA2967D8F7891FF3486CD2A4503A6DE137F","untracked","source_art","source",".png","tools/build_phase167_room_plant_alpha.py","","","not_runtime","","yes","none","keep in Git; add assets/ui/visual/phase167/** to export exclusions","yes","","","no","yes",""
"assets/ui/visual/phase167/player_room/plants/room_plant_pothos_phase167.png.import","1026","0,001","2109C5CC9AB3B81C6CDE9FFFD2E5C1163FF0302A03FDAE8D59D006DA59AEFB1B","untracked","source_art","source",".import","tools/build_phase167_room_plant_alpha.py","","","not_runtime","","yes","none","keep in Git; add assets/ui/visual/phase167/** to export exclusions","yes","assets/ui/visual/phase167/player_room/plants/room_plant_pothos_phase167.png","","no","yes",""
"assets/ui/visual/phase167/player_room/plants/room_plant_roundleaf_pilea_phase167.png","148965","0,1421","EA658CF515E9F5B9910D8E53BEE58DD10A901DB45DC7BADEF709C6E3E72A76DE","untracked","source_art","source",".png","tools/build_phase167_room_plant_alpha.py","","","not_runtime","","yes","none","keep in Git; add assets/ui/visual/phase167/** to export exclusions","yes","","","no","yes",""
"assets/ui/visual/phase167/player_room/plants/room_plant_roundleaf_pilea_phase167.png.import","1053","0,001","640BD670B73E382240191FA9843B4B114715B31B2A0D004D5061BA7EB4F0F496","untracked","source_art","source",".import","tools/build_phase167_room_plant_alpha.py","","","not_runtime","","yes","none","keep in Git; add assets/ui/visual/phase167/** to export exclusions","yes","assets/ui/visual/phase167/player_room/plants/room_plant_roundleaf_pilea_phase167.png","","no","yes",""
"assets/ui/visual/phase167/player_room/plants/room_plant_snake_plant_phase167.png","122065","0,1164","486B84D419F5643B552214320663EB7D3395423AE7E047864D55BD2706797127","untracked","source_art","source",".png","tools/build_phase167_room_plant_alpha.py","","","not_runtime","","yes","none","keep in Git; add assets/ui/visual/phase167/** to export exclusions","yes","","","no","yes",""
"assets/ui/visual/phase167/player_room/plants/room_plant_snake_plant_phase167.png.import","1040","0,001","3847B0ABBD0530F7F9CCD82ADBC6EA8F26DD776C72BA44B91B36BF05B7EEF0A3","untracked","source_art","source",".import","tools/build_phase167_room_plant_alpha.py","","","not_runtime","","yes","none","keep in Git; add assets/ui/visual/phase167/** to export exclusions","yes","assets/ui/visual/phase167/player_room/plants/room_plant_snake_plant_phase167.png","","no","yes",""
"assets/ui/visual/phase167/player_room/plants/room_plant_striped_calathea_phase167.png","161847","0,1543","503025BE2C9C08C26CC89B75A5D580D3596368E4318E1BABEB1C9A038028AC87","untracked","source_art","source",".png","tools/build_phase167_room_plant_alpha.py","","","not_runtime","","yes","none","keep in Git; add assets/ui/visual/phase167/** to export exclusions","yes","","","no","yes",""
"assets/ui/visual/phase167/player_room/plants/room_plant_striped_calathea_phase167.png.import","1056","0,001","9C0EE9D7647B600F1C80F0D31BE9D1268D933D73AFF4CCA7C319C57D03D87524","untracked","source_art","source",".import","tools/build_phase167_room_plant_alpha.py","","","not_runtime","","yes","none","keep in Git; add assets/ui/visual/phase167/** to export exclusions","yes","assets/ui/visual/phase167/player_room/plants/room_plant_striped_calathea_phase167.png","","no","yes",""
"assets/ui/visual/phase169/player_room/phase169_plant_edges_manifest.json","15176","0,0145","995E69C69B8E2BAF41B4CB5918DA707FE983CE987525F4FCAD0D2CE38E4E1364","untracked","runtime_referenced","runtime",".json","tools/build_phase169_room_plant_edges.py","scripts/ui/visual_design_system.gd; phase169 manifest","","preload/load/FileAccess or profiled runtime family","res://assets/ui/visual/phase169/player_room/phase169_plant_edges_manifest.json","yes","none","keep in Git and runtime export","yes","","","no","no",""
"assets/ui/visual/phase169/player_room/plants/room_plant_coleus_phase169.png","148206","0,1413","D6D44C774B7178A959F132F1057CDEA46E19D37B1D0C9693CDDE31B18CF3F6DB","untracked","runtime_referenced","runtime",".png","tools/build_phase169_room_plant_edges.py","scripts/ui/visual_design_system.gd; phase169 manifest","","preload/load/FileAccess or profiled runtime family","res://assets/ui/visual/phase169/player_room/plants/room_plant_coleus_phase169.png","yes","none","keep in Git and runtime export","yes","","","no","no",""
"assets/ui/visual/phase169/player_room/plants/room_plant_coleus_phase169.png.import","1026","0,001","442A47DFE4943D9FB9C63602CB3FE0BE69041039BF830E9B91B7957BB45D15DB","untracked","runtime_referenced","runtime",".import","tools/build_phase169_room_plant_edges.py","scripts/ui/visual_design_system.gd; phase169 manifest","","preload/load/FileAccess or profiled runtime family","res://assets/ui/visual/phase169/player_room/plants/room_plant_coleus_phase169.png.import","yes","none","keep in Git and runtime export","yes","assets/ui/visual/phase169/player_room/plants/room_plant_coleus_phase169.png","","no","no",""
"assets/ui/visual/phase169/player_room/plants/room_plant_compact_aglaonema_phase169.png","150471","0,1435","09533A3431E5534AD0B91C596032881D050E875AACF1AAC648FCF1C5DC380AF7","untracked","runtime_referenced","runtime",".png","tools/build_phase169_room_plant_edges.py","scripts/ui/visual_design_system.gd; phase169 manifest","","preload/load/FileAccess or profiled runtime family","res://assets/ui/visual/phase169/player_room/plants/room_plant_compact_aglaonema_phase169.png","yes","none","keep in Git and runtime export","yes","","","no","no",""
"assets/ui/visual/phase169/player_room/plants/room_plant_compact_aglaonema_phase169.png.import","1059","0,001","E4C3F7108B82E071D270E001AB9DCD5D50669717A6C15318B2F865B83BCEE2C4","untracked","runtime_referenced","runtime",".import","tools/build_phase169_room_plant_edges.py","scripts/ui/visual_design_system.gd; phase169 manifest","","preload/load/FileAccess or profiled runtime family","res://assets/ui/visual/phase169/player_room/plants/room_plant_compact_aglaonema_phase169.png.import","yes","none","keep in Git and runtime export","yes","assets/ui/visual/phase169/player_room/plants/room_plant_compact_aglaonema_phase169.png","","no","no",""
"assets/ui/visual/phase169/player_room/plants/room_plant_fern_phase169.png","149869","0,1429","F59DD50CED1D65266EA3206B12FE268A3AB6FEFD83698C07DECEF2F52991B856","untracked","runtime_referenced","runtime",".png","tools/build_phase169_room_plant_edges.py","scripts/ui/visual_design_system.gd; phase169 manifest","","preload/load/FileAccess or profiled runtime family","res://assets/ui/visual/phase169/player_room/plants/room_plant_fern_phase169.png","yes","none","keep in Git and runtime export","yes","","","no","no",""
"assets/ui/visual/phase169/player_room/plants/room_plant_fern_phase169.png.import","1020","0,001","739F12E174BA0D9A388DFA62F5AFBEAB9562713989D3CD985F10564EC0B71179","untracked","runtime_referenced","runtime",".import","tools/build_phase169_room_plant_edges.py","scripts/ui/visual_design_system.gd; phase169 manifest","","preload/load/FileAccess or profiled runtime family","res://assets/ui/visual/phase169/player_room/plants/room_plant_fern_phase169.png.import","yes","none","keep in Git and runtime export","yes","assets/ui/visual/phase169/player_room/plants/room_plant_fern_phase169.png","","no","no",""
"assets/ui/visual/phase169/player_room/plants/room_plant_fittonia_phase169.png","150107","0,1432","AB6936220306647F90D7DF3EFB04EE037AC505C678D73341C98615BA80632D5E","untracked","runtime_referenced","runtime",".png","tools/build_phase169_room_plant_edges.py","scripts/ui/visual_design_system.gd; phase169 manifest","","preload/load/FileAccess or profiled runtime family","res://assets/ui/visual/phase169/player_room/plants/room_plant_fittonia_phase169.png","yes","none","keep in Git and runtime export","yes","","","no","no",""
"assets/ui/visual/phase169/player_room/plants/room_plant_fittonia_phase169.png.import","1032","0,001","632EA3607C8058C626B895C3E36AF704FA4C14BBC5479E807A8EF06446B7A7BE","untracked","runtime_referenced","runtime",".import","tools/build_phase169_room_plant_edges.py","scripts/ui/visual_design_system.gd; phase169 manifest","","preload/load/FileAccess or profiled runtime family","res://assets/ui/visual/phase169/player_room/plants/room_plant_fittonia_phase169.png.import","yes","none","keep in Git and runtime export","yes","assets/ui/visual/phase169/player_room/plants/room_plant_fittonia_phase169.png","","no","no",""
"assets/ui/visual/phase169/player_room/plants/room_plant_flowering_begonia_phase169.png","157808","0,1505","535F204D9FB055FCE84B1AA654C4990BE28CFBB7987B84A319C4E40EC5A279A5","untracked","runtime_referenced","runtime",".png","tools/build_phase169_room_plant_edges.py","scripts/ui/visual_design_system.gd; phase169 manifest","","preload/load/FileAccess or profiled runtime family","res://assets/ui/visual/phase169/player_room/plants/room_plant_flowering_begonia_phase169.png","yes","none","keep in Git and runtime export","yes","","","no","no",""
"assets/ui/visual/phase169/player_room/plants/room_plant_flowering_begonia_phase169.png.import","1059","0,001","A742D61FF83D51B14F2E635C86B9F61D7180BB00A804B7F06A1AD9349BC8BCBF","untracked","runtime_referenced","runtime",".import","tools/build_phase169_room_plant_edges.py","scripts/ui/visual_design_system.gd; phase169 manifest","","preload/load/FileAccess or profiled runtime family","res://assets/ui/visual/phase169/player_room/plants/room_plant_flowering_begonia_phase169.png.import","yes","none","keep in Git and runtime export","yes","assets/ui/visual/phase169/player_room/plants/room_plant_flowering_begonia_phase169.png","","no","no",""
"assets/ui/visual/phase169/player_room/plants/room_plant_glossy_broadleaf_phase169.png","136937","0,1306","DF2CD264D051F84A290AF80AEBA2341A50A8F09238AA9C195125CAAF3893DF1C","untracked","runtime_referenced","runtime",".png","tools/build_phase169_room_plant_edges.py","scripts/ui/visual_design_system.gd; phase169 manifest","","preload/load/FileAccess or profiled runtime family","res://assets/ui/visual/phase169/player_room/plants/room_plant_glossy_broadleaf_phase169.png","yes","none","keep in Git and runtime export","yes","","","no","no",""
"assets/ui/visual/phase169/player_room/plants/room_plant_glossy_broadleaf_phase169.png.import","1056","0,001","387B776CF965109584B8335DBF2EF13ED8A36C33F504091AE76224FE7DDA2A45","untracked","runtime_referenced","runtime",".import","tools/build_phase169_room_plant_edges.py","scripts/ui/visual_design_system.gd; phase169 manifest","","preload/load/FileAccess or profiled runtime family","res://assets/ui/visual/phase169/player_room/plants/room_plant_glossy_broadleaf_phase169.png.import","yes","none","keep in Git and runtime export","yes","assets/ui/visual/phase169/player_room/plants/room_plant_glossy_broadleaf_phase169.png","","no","no",""
"assets/ui/visual/phase169/player_room/plants/room_plant_lemon_maranta_phase169.png","142604","0,136","68D34E257FD10A9CA1FDD286C9D8B1D6AD7AD9CCCCA04878A1455412DCACF87B","untracked","runtime_referenced","runtime",".png","tools/build_phase169_room_plant_edges.py","scripts/ui/visual_design_system.gd; phase169 manifest","","preload/load/FileAccess or profiled runtime family","res://assets/ui/visual/phase169/player_room/plants/room_plant_lemon_maranta_phase169.png","yes","none","keep in Git and runtime export","yes","","","no","no",""
"assets/ui/visual/phase169/player_room/plants/room_plant_lemon_maranta_phase169.png.import","1046","0,001","0B17B33F8FABB205278E2A5083FFD5DEB77F1366203AE762F01E8BC6E8D93D9C","untracked","runtime_referenced","runtime",".import","tools/build_phase169_room_plant_edges.py","scripts/ui/visual_design_system.gd; phase169 manifest","","preload/load/FileAccess or profiled runtime family","res://assets/ui/visual/phase169/player_room/plants/room_plant_lemon_maranta_phase169.png.import","yes","none","keep in Git and runtime export","yes","assets/ui/visual/phase169/player_room/plants/room_plant_lemon_maranta_phase169.png","","no","no",""
"assets/ui/visual/phase169/player_room/plants/room_plant_orchid_phase169.png","156818","0,1496","EFD6711C14B6CC5B72F8F28FB116A2F4F1668B75D35F98FFB8A35B5F3F5B3775","untracked","runtime_referenced","runtime",".png","tools/build_phase169_room_plant_edges.py","scripts/ui/visual_design_system.gd; phase169 manifest","","preload/load/FileAccess or profiled runtime family","res://assets/ui/visual/phase169/player_room/plants/room_plant_orchid_phase169.png","yes","none","keep in Git and runtime export","yes","","","no","no",""
"assets/ui/visual/phase169/player_room/plants/room_plant_orchid_phase169.png.import","1026","0,001","2090E62CB33832B2F860DF24986DD217770E124805BF31BEDB0091BA2E771677","untracked","runtime_referenced","runtime",".import","tools/build_phase169_room_plant_edges.py","scripts/ui/visual_design_system.gd; phase169 manifest","","preload/load/FileAccess or profiled runtime family","res://assets/ui/visual/phase169/player_room/plants/room_plant_orchid_phase169.png.import","yes","none","keep in Git and runtime export","yes","assets/ui/visual/phase169/player_room/plants/room_plant_orchid_phase169.png","","no","no",""
"assets/ui/visual/phase169/player_room/plants/room_plant_pothos_phase169.png","155562","0,1484","6A219548FD455DC37B69D2B6E6F1A3277223CD91C2AD17F3DD641F2292EE8613","untracked","runtime_referenced","runtime",".png","tools/build_phase169_room_plant_edges.py","scripts/ui/visual_design_system.gd; phase169 manifest","","preload/load/FileAccess or profiled runtime family","res://assets/ui/visual/phase169/player_room/plants/room_plant_pothos_phase169.png","yes","none","keep in Git and runtime export","yes","","","no","no",""
"assets/ui/visual/phase169/player_room/plants/room_plant_pothos_phase169.png.import","1026","0,001","67F42019C35512A16521117AE725DEDBC8F411B114424ABE3CBC7344A7631F05","untracked","runtime_referenced","runtime",".import","tools/build_phase169_room_plant_edges.py","scripts/ui/visual_design_system.gd; phase169 manifest","","preload/load/FileAccess or profiled runtime family","res://assets/ui/visual/phase169/player_room/plants/room_plant_pothos_phase169.png.import","yes","none","keep in Git and runtime export","yes","assets/ui/visual/phase169/player_room/plants/room_plant_pothos_phase169.png","","no","no",""
"assets/ui/visual/phase169/player_room/plants/room_plant_roundleaf_pilea_phase169.png","148788","0,1419","01657F6B4B30C93E38684695FC06A0E251AB07E2742395345CB4E134E20E2C25","untracked","runtime_referenced","runtime",".png","tools/build_phase169_room_plant_edges.py","scripts/ui/visual_design_system.gd; phase169 manifest","","preload/load/FileAccess or profiled runtime family","res://assets/ui/visual/phase169/player_room/plants/room_plant_roundleaf_pilea_phase169.png","yes","none","keep in Git and runtime export","yes","","","no","no",""
"assets/ui/visual/phase169/player_room/plants/room_plant_roundleaf_pilea_phase169.png.import","1053","0,001","C55F6363ED17431ADDE749EAA775CBCD9D89EACFE47311335E134498504A9619","untracked","runtime_referenced","runtime",".import","tools/build_phase169_room_plant_edges.py","scripts/ui/visual_design_system.gd; phase169 manifest","","preload/load/FileAccess or profiled runtime family","res://assets/ui/visual/phase169/player_room/plants/room_plant_roundleaf_pilea_phase169.png.import","yes","none","keep in Git and runtime export","yes","assets/ui/visual/phase169/player_room/plants/room_plant_roundleaf_pilea_phase169.png","","no","no",""
"assets/ui/visual/phase169/player_room/plants/room_plant_snake_plant_phase169.png","121778","0,1161","57579F2486811FA0D6D5BD353F9B2FB7972F5FF8FE021091C3A9AC936D74DC10","untracked","runtime_referenced","runtime",".png","tools/build_phase169_room_plant_edges.py","scripts/ui/visual_design_system.gd; phase169 manifest","","preload/load/FileAccess or profiled runtime family","res://assets/ui/visual/phase169/player_room/plants/room_plant_snake_plant_phase169.png","yes","none","keep in Git and runtime export","yes","","","no","no",""
"assets/ui/visual/phase169/player_room/plants/room_plant_snake_plant_phase169.png.import","1040","0,001","0C5148EB833B50449F2B04F4E9FA9E2E98E769948CD6D986608FB7638AD13E61","untracked","runtime_referenced","runtime",".import","tools/build_phase169_room_plant_edges.py","scripts/ui/visual_design_system.gd; phase169 manifest","","preload/load/FileAccess or profiled runtime family","res://assets/ui/visual/phase169/player_room/plants/room_plant_snake_plant_phase169.png.import","yes","none","keep in Git and runtime export","yes","assets/ui/visual/phase169/player_room/plants/room_plant_snake_plant_phase169.png","","no","no",""
"assets/ui/visual/phase169/player_room/plants/room_plant_striped_calathea_phase169.png","161613","0,1541","063A3149F2CB0893AA64253525E363BDA91820259F5696ECBF6C58AE6258CDA0","untracked","runtime_referenced","runtime",".png","tools/build_phase169_room_plant_edges.py","scripts/ui/visual_design_system.gd; phase169 manifest","","preload/load/FileAccess or profiled runtime family","res://assets/ui/visual/phase169/player_room/plants/room_plant_striped_calathea_phase169.png","yes","none","keep in Git and runtime export","yes","","","no","no",""
"assets/ui/visual/phase169/player_room/plants/room_plant_striped_calathea_phase169.png.import","1055","0,001","C84CCB171DC30F511C9A16E3970CE38E319F6A1901C911CA10D37951768CB7BA","untracked","runtime_referenced","runtime",".import","tools/build_phase169_room_plant_edges.py","scripts/ui/visual_design_system.gd; phase169 manifest","","preload/load/FileAccess or profiled runtime family","res://assets/ui/visual/phase169/player_room/plants/room_plant_striped_calathea_phase169.png.import","yes","none","keep in Git and runtime export","yes","assets/ui/visual/phase169/player_room/plants/room_plant_striped_calathea_phase169.png","","no","no",""
"assets/ui/visual/phase170/rack/phase170_saucer_manifest.json","20532","0,0196","5F577F719A1634282777348F18DB41DCA1DBFC3CABE6BFF39FD25FBDA5B40481","untracked","runtime_referenced","runtime",".json","tools/build_phase170_rack_footprints.py","scripts/ui/visual_design_system.gd; phase170 manifest","","preload/load/FileAccess or profiled runtime family","res://assets/ui/visual/phase170/rack/phase170_saucer_manifest.json","yes","none","keep in Git and runtime export","yes","","","no","no",""
"assets/ui/visual/phase170/rack/rack_ceramic_saucer_phase170_v1.png","1337746","1,2758","CF9A59E9ECEB000CDE7BE7D452D7A790619766FF5CACDC80BEC8E55D4FC82B86","untracked","runtime_referenced","runtime",".png","tools/build_phase170_rack_footprints.py","scripts/ui/visual_design_system.gd; phase170 manifest","","preload/load/FileAccess or profiled runtime family","res://assets/ui/visual/phase170/rack/rack_ceramic_saucer_phase170_v1.png","yes","none","keep in Git and runtime export","yes","","","no","no",""
"assets/ui/visual/phase170/rack/rack_ceramic_saucer_phase170_v1.png.import","1026","0,001","3E478C23160E6AC5E70ED4C64DB4DA98C69030ACA194A3B7ACDAE8A58F504A3E","untracked","runtime_referenced","runtime",".import","tools/build_phase170_rack_footprints.py","scripts/ui/visual_design_system.gd; phase170 manifest","","preload/load/FileAccess or profiled runtime family","res://assets/ui/visual/phase170/rack/rack_ceramic_saucer_phase170_v1.png.import","yes","none","keep in Git and runtime export","yes","assets/ui/visual/phase170/rack/rack_ceramic_saucer_phase170_v1.png","","no","no",""
"assets/ui/visual/phase171/rack/rack_stand_painted_phase171_v1.png","1837340","1,7522","00F8CF9A50E8EA23BAAC629A64F7B0AF79BA1EEAB3F5F46FCA7A9A99681B698C","untracked","runtime_referenced","runtime",".png","authored source","scripts/ui/rack_stand_layout.gd; scripts/main.gd","","preload/load/FileAccess or profiled runtime family","res://assets/ui/visual/phase171/rack/rack_stand_painted_phase171_v1.png","yes","none","keep in Git and runtime export","yes","","","no","no",""
"assets/ui/visual/phase171/rack/rack_stand_painted_phase171_v1.png.import","1024","0,001","19E79DB0ED7584577AA8C1E355CED1DD2865D64E040AB47624676731A3F56AC5","untracked","runtime_referenced","runtime",".import","authored source","scripts/ui/rack_stand_layout.gd; scripts/main.gd","","preload/load/FileAccess or profiled runtime family","res://assets/ui/visual/phase171/rack/rack_stand_painted_phase171_v1.png.import","yes","none","keep in Git and runtime export","yes","assets/ui/visual/phase171/rack/rack_stand_painted_phase171_v1.png","","no","no",""
"assets/ui/visual/phase183/rack_dock/care_leaf_phase183_v1.png","1048549","1","88DFB0EE74BC48C223B6AC07CEA2B0BFC480C240B31D041A3574DF2712883CC0","untracked","runtime_referenced","runtime",".png","authored source","scripts/main.gd; scripts/ui/visual_design_system.gd","","preload/load/FileAccess or profiled runtime family","res://assets/ui/visual/phase183/rack_dock/care_leaf_phase183_v1.png","yes","none","keep in Git and runtime export","yes","","","no","no",""
"assets/ui/visual/phase183/rack_dock/care_leaf_phase183_v1.png.import","1003","0,001","4FDE558F89D4B5E20BCB252D46AE4A391BD96FFED7E6520BAD37B537B2322C41","untracked","runtime_referenced","runtime",".import","authored source","scripts/main.gd; scripts/ui/visual_design_system.gd","","preload/load/FileAccess or profiled runtime family","res://assets/ui/visual/phase183/rack_dock/care_leaf_phase183_v1.png.import","yes","none","keep in Git and runtime export","yes","assets/ui/visual/phase183/rack_dock/care_leaf_phase183_v1.png","","no","no",""
"assets/ui/visual/phase183/rack_dock/pet_paw_phase183_v1.png","1100934","1,0499","83C1E20CC692B49DBA4FD8117FB06EF01D86CA02A5490042A2B8D0EBF354A844","untracked","runtime_referenced","runtime",".png","authored source","scripts/main.gd; scripts/ui/visual_design_system.gd","","preload/load/FileAccess or profiled runtime family","res://assets/ui/visual/phase183/rack_dock/pet_paw_phase183_v1.png","yes","none","keep in Git and runtime export","yes","","","no","no",""
"assets/ui/visual/phase183/rack_dock/pet_paw_phase183_v1.png.import","997","0,001","79B9DE06F71DC572693D781DA574041C54CEC6A212984A7D5F3BAB6870BAB0A4","untracked","runtime_referenced","runtime",".import","authored source","scripts/main.gd; scripts/ui/visual_design_system.gd","","preload/load/FileAccess or profiled runtime family","res://assets/ui/visual/phase183/rack_dock/pet_paw_phase183_v1.png.import","yes","none","keep in Git and runtime export","yes","assets/ui/visual/phase183/rack_dock/pet_paw_phase183_v1.png","","no","no",""
"assets/ui/visual/phase183/rack_dock/professor_bazal_phase183_v1.png","1427473","1,3613","40E0BDBC08CD43B02C9940A3E12067B26BBBF8B2D068DE0BAAAD8DEDE08AEDE3","untracked","runtime_referenced","runtime",".png","authored source","scripts/main.gd; scripts/ui/visual_design_system.gd","","preload/load/FileAccess or profiled runtime family","res://assets/ui/visual/phase183/rack_dock/professor_bazal_phase183_v1.png","yes","none","keep in Git and runtime export","yes","","","no","no",""
"assets/ui/visual/phase183/rack_dock/professor_bazal_phase183_v1.png.import","1021","0,001","FB65807E2ED926B9023D4478F2E1ED53E616C87988FEF3311852F1C5937B98A4","untracked","runtime_referenced","runtime",".import","authored source","scripts/main.gd; scripts/ui/visual_design_system.gd","","preload/load/FileAccess or profiled runtime family","res://assets/ui/visual/phase183/rack_dock/professor_bazal_phase183_v1.png.import","yes","none","keep in Git and runtime export","yes","assets/ui/visual/phase183/rack_dock/professor_bazal_phase183_v1.png","","no","no",""
"assets/ui/visual/phase183/rack_dock/rack_floor_extension_phase183_v1.png","1696218","1,6176","E72F4C1D1FD1B6585B1140668B9723E9CA7E094D23A4C3082BC9C78D9057765A","untracked","runtime_referenced","runtime",".png","authored source","scripts/main.gd; scripts/ui/visual_design_system.gd","","preload/load/FileAccess or profiled runtime family","res://assets/ui/visual/phase183/rack_dock/rack_floor_extension_phase183_v1.png","yes","none","keep in Git and runtime export","yes","","","no","no",""
"assets/ui/visual/phase183/rack_dock/rack_floor_extension_phase183_v1.png.import","1035","0,001","AEDA37FAD0063E69D83AA80811E273995DF653BA0D8F3F987A120E979BCADC26","untracked","runtime_referenced","runtime",".import","authored source","scripts/main.gd; scripts/ui/visual_design_system.gd","","preload/load/FileAccess or profiled runtime family","res://assets/ui/visual/phase183/rack_dock/rack_floor_extension_phase183_v1.png.import","yes","none","keep in Git and runtime export","yes","assets/ui/visual/phase183/rack_dock/rack_floor_extension_phase183_v1.png","","no","no",""
"docs/PHASE166_ROOM_PLANT_DRAG.md","9623","0,0092","781A1B87ACF36D269DB61DEB272E844D16B8B4DF1F033D3F9E44B5CE33D2764B","untracked","documentation","evidence",".md","authored source","","phase evidence","not_runtime","","no","docs/**","keep; already excluded from export","yes","","","yes","yes",""
"docs/PHASE167_ROOM_RACK_VISUAL_REPAIR.md","10179","0,0097","553BFCFB8E17B6469F0AA04FFE365990180336FEE48F2A1CF99C7A4009E2525C","untracked","documentation","evidence",".md","authored source","","phase evidence","not_runtime","","no","docs/**","keep; already excluded from export","yes","","","yes","yes",""
"docs/PHASE168_ROOM_RENDER_EFFICIENCY.md","8397","0,008","2BBBA0BC0999F518992A51E0A8412A4CB1AC07A825CC16F964A489E7EBEE0D61","untracked","documentation","evidence",".md","authored source","","phase evidence","not_runtime","","no","docs/**","keep; already excluded from export","yes","","","yes","yes",""
"docs/PHASE169_ROOM_PLANT_EDGE_CLEANUP.md","6996","0,0067","766F283A0E0EE67EC135375F26083723EAB8F1EFE559C9E518A943D088363D5D","untracked","documentation","evidence",".md","authored source","","phase evidence","not_runtime","","no","docs/**","keep; already excluded from export","yes","","","yes","yes",""
"docs/PHASE170_RACK_CERAMIC_SAUCERS.md","9935","0,0095","CB917D4B5C817638F1F887428A0D060F86E5E3B7E1802AAF1FA890CF31BD237C","untracked","documentation","evidence",".md","authored source","","phase evidence","not_runtime","","no","docs/**","keep; already excluded from export","yes","","","yes","yes",""
"docs/PHASE171_PAINTED_RACK_GROUNDING.md","12693","0,0121","FF0DA207E681447899557C2F1688B36908FB85D2B0DB008F22B5FD6365B5354A","untracked","documentation","evidence",".md","authored source","","phase evidence","not_runtime","","no","docs/**","keep; already excluded from export","yes","","","yes","yes",""
"docs/PHASE172_PLANT_DETAIL_SILL_GROUNDING.md","8614","0,0082","E04B386D8D674F3472E3EF8F06A35EF6DA81B538BBA09F6DFDA194FC777E86B3","untracked","documentation","evidence",".md","authored source","","phase evidence","not_runtime","","no","docs/**","keep; already excluded from export","yes","","","yes","yes",""
"docs/PHASE173_DETAIL_HEADER_EDGES.md","4529","0,0043","FDD380FEDF0DDF76B0B41AF17FE22F92E46B407649B7ACCE4E68AA6F5A6E3652","untracked","documentation","evidence",".md","authored source","","phase evidence","not_runtime","","no","docs/**","keep; already excluded from export","yes","","","yes","yes",""
"docs/PHASE174_GREENHOUSE_REAR_SELECTION.md","3112","0,003","5ECD8349BF921BDB0C5E6AEE28070FBAA07C96793B3074D1DD86FB1BFACD978A","untracked","documentation","evidence",".md","authored source","","phase evidence","not_runtime","","no","docs/**","keep; already excluded from export","yes","","","yes","yes",""
"docs/PHASE175_HUD_VALUE_FIT.md","2756","0,0026","FC372D2A5757A67AEA2BE9D2A8FC81339F52C94817D37E066ECE4065F066C8CF","untracked","documentation","evidence",".md","authored source","","phase evidence","not_runtime","","no","docs/**","keep; already excluded from export","yes","","","yes","yes",""
"docs/PHASE176_GREENHOUSE_FRONT_SELECTION.md","2893","0,0028","C813003FD3B656BDE4E503FEC18F60A524AF16B7EF7651691D69EF1951F2F622","untracked","documentation","evidence",".md","authored source","","phase evidence","not_runtime","","no","docs/**","keep; already excluded from export","yes","","","yes","yes",""
"docs/PHASE177_GREENHOUSE_SEEDLING_CONTAINMENT.md","3332","0,0032","13123016659D6D030D4DBAD96F91CA597083BFDFCEFCF348F1E582A84D8B1A86","untracked","documentation","evidence",".md","authored source","","phase evidence","not_runtime","","no","docs/**","keep; already excluded from export","yes","","","yes","yes",""
"docs/PHASE178_GREENHOUSE_SEEDLING_DEPTH.md","2994","0,0029","8BB218CD1453C6350693AA8ACA53B780E3CB004CB6B3B32A8A2D72A8A8D7BC06","untracked","documentation","evidence",".md","authored source","","phase evidence","not_runtime","","no","docs/**","keep; already excluded from export","yes","","","yes","yes",""
"docs/PHASE179_INDEPENDENT_RACK_LIGHTS.md","3723","0,0036","A59162655A88CE895E5BB5F63E39DFE946042C51AFFEB25AEA4BB6F4188D97A4","untracked","documentation","evidence",".md","authored source","","phase evidence","not_runtime","","no","docs/**","keep; already excluded from export","yes","","","yes","yes",""
"docs/PHASE180_ANDROID_PREVIEW_HANDOFF.md","4204","0,004","7EAA0DF38BDA0D293515D7610DFC5107566E44C93689588D20E12D63F142347F","untracked","documentation","evidence",".md","authored source","","phase evidence","not_runtime","","no","docs/**","keep; already excluded from export","yes","","","yes","yes",""
"docs/PHASE181_RACK_LIGHT_OFF_ANCHOR.md","3992","0,0038","54D13AFC395F9F4627F7F8FF5606C964929FD7B5AC1A8A58B63196FB1206635F","untracked","documentation","evidence",".md","authored source","","phase evidence","not_runtime","","no","docs/**","keep; already excluded from export","yes","","","yes","yes",""
"docs/PHASE182_PROFESSOR_LAUNCHER_AND_TOOLTIP_POLICY.md","3127","0,003","5074BE85521FBBA79B7607F752C7717BD70B347BDAF912028D4CAE2CA263E997","untracked","documentation","evidence",".md","authored source","","phase evidence","not_runtime","","no","docs/**","keep; already excluded from export","yes","","","yes","yes",""
"docs/PHASE183_COMPACT_RACK_DOCK.md","6598","0,0063","4F5C4C3373B5DC032FEDD8CFD7AE6F3816A5B840E06C5F2FA20E2A087800E12F","untracked","documentation","evidence",".md","authored source","","phase evidence","not_runtime","","no","docs/**","keep; already excluded from export","yes","","","yes","yes",""
"docs/visual-proposals/phase167/player-room-rack-native-review-v1.png","3346385","3,1914","7273D26C64A662B2479947D640C68C2C5478B93F3E623F546EF93A1B9C29EC8D","untracked","documentation","evidence",".png","phase capture/evidence workflow","","phase evidence","not_runtime","","no","docs/**","keep; already excluded from export","yes","","","yes","yes",""
"docs/visual-proposals/phase167/player-room-rack-native-review-v1.png.import","1034","0,001","1BD21A36CCE0DA3554EBC83122FBAE628B6885E1EC52DDB61378BFA36235AD15","untracked","documentation","evidence",".import","phase capture/evidence workflow","","phase evidence","not_runtime","","no","docs/**","keep; already excluded from export","yes","docs/visual-proposals/phase167/player-room-rack-native-review-v1.png","","yes","yes",""
"docs/visual-proposals/phase167/runtime-reference-approval-v1.json","4662","0,0044","C50C42C89D6B187CFA2B497F39C7A2D68B9A4B2D93D1DA9624925544DF62FE46","untracked","test_or_versioned_reference","validation",".json","phase capture/evidence workflow","","golden/test/capture","not_runtime","","no","docs/**","keep; already excluded from export","yes","","","yes","no",""
"docs/visual-proposals/phase169/player-room-clean-edges-native-v1.png","3338788","3,1841","5AA2A37E8969547A0284135E08ACDACEF5D18DF7DDA7A090D1A8D9206F9E3173","untracked","documentation","evidence",".png","phase capture/evidence workflow","","phase evidence","not_runtime","","no","docs/**","keep; already excluded from export","yes","","","yes","yes",""
"docs/visual-proposals/phase169/player-room-clean-edges-native-v1.png.import","1034","0,001","E05BF0FD8FCF0F7129E967D6DE1A905DE569200961C3E5DFE4B36C14ADD1A7EF","untracked","documentation","evidence",".import","phase capture/evidence workflow","","phase evidence","not_runtime","","no","docs/**","keep; already excluded from export","yes","docs/visual-proposals/phase169/player-room-clean-edges-native-v1.png","","yes","yes",""
"docs/visual-proposals/phase169/player-room-clean-edges-runtime-v1.png","2938205","2,8021","64E39380C3D6E6D78D1F7B6AEC83F116531D19D86E31AEDE3B0B7EDD2660E29C","untracked","documentation","evidence",".png","phase capture/evidence workflow","","phase evidence","not_runtime","","no","docs/**","keep; already excluded from export","yes","","","yes","yes",""
"docs/visual-proposals/phase169/player-room-clean-edges-runtime-v1.png.import","1037","0,001","522B7ECD7109287EB2130270B39CCE96A66ABB94A1FE660D7265EB1B1DE3D3E1","untracked","documentation","evidence",".import","phase capture/evidence workflow","","phase evidence","not_runtime","","no","docs/**","keep; already excluded from export","yes","docs/visual-proposals/phase169/player-room-clean-edges-runtime-v1.png","","yes","yes",""
"docs/visual-proposals/phase170/phase170-rack-native-compact-fixture-0.png","2500362","2,3845","8BF46598D486342319A95D379428A62345BEF1D747E0430FBDF789DED7192CF4","untracked","documentation","evidence",".png","phase capture/evidence workflow","","phase evidence","not_runtime","","no","docs/**","keep; already excluded from export","yes","","","yes","yes",""
"docs/visual-proposals/phase170/phase170-rack-native-compact-fixture-0.png.import","1049","0,001","CA60D1813E1452D7ECE717AB1190950944DF4737A52D760C22AF9D2FF32D27D1","untracked","documentation","evidence",".import","phase capture/evidence workflow","","phase evidence","not_runtime","","no","docs/**","keep; already excluded from export","yes","docs/visual-proposals/phase170/phase170-rack-native-compact-fixture-0.png","","yes","yes",""
"docs/visual-proposals/phase170/phase170-rack-native-compact-fixture-1.png","2369290","2,2595","88E30174D7A4244F299A47D822714BB01DA07B62364BED4DAEE6F85E288B5DAA","untracked","documentation","evidence",".png","phase capture/evidence workflow","","phase evidence","not_runtime","","no","docs/**","keep; already excluded from export","yes","","","yes","yes",""
"docs/visual-proposals/phase170/phase170-rack-native-compact-fixture-1.png.import","1049","0,001","0B8124C5CC540D231C8B468AA7679426095C9E2C00EA66D23D0F2F0757A23E4F","untracked","documentation","evidence",".import","phase capture/evidence workflow","","phase evidence","not_runtime","","no","docs/**","keep; already excluded from export","yes","docs/visual-proposals/phase170/phase170-rack-native-compact-fixture-1.png","","yes","yes",""
"docs/visual-proposals/phase170/phase170-rack-native-compact-fixture-2.png","2373291","2,2633","3967E9DD4AD68C6F4C0D4C4AFF3462312301F2B16E91ADBAECF6C2D2AC12B44B","untracked","documentation","evidence",".png","phase capture/evidence workflow","","phase evidence","not_runtime","","no","docs/**","keep; already excluded from export","yes","","","yes","yes",""
"docs/visual-proposals/phase170/phase170-rack-native-compact-fixture-2.png.import","1049","0,001","E9D6C9FEC482EC6040369E1CEEB0F7934801BA9843A9311A20F52546156313FA","untracked","documentation","evidence",".import","phase capture/evidence workflow","","phase evidence","not_runtime","","no","docs/**","keep; already excluded from export","yes","docs/visual-proposals/phase170/phase170-rack-native-compact-fixture-2.png","","yes","yes",""
"docs/visual-proposals/phase170/phase170-rack-native-normal-fixture-0.png","2661730","2,5384","86DD22F3FE813E8D1B7BD5DD892001904A30481F8D6D211BFC1C3B779DA805F9","untracked","documentation","evidence",".png","phase capture/evidence workflow","","phase evidence","not_runtime","","no","docs/**","keep; already excluded from export","yes","","","yes","yes",""
"docs/visual-proposals/phase170/phase170-rack-native-normal-fixture-0.png.import","1046","0,001","6627DEB49CFCC7F1BDC135C82D16FBF736ED4BDB89C5EC761383453157FDF2D7","untracked","documentation","evidence",".import","phase capture/evidence workflow","","phase evidence","not_runtime","","no","docs/**","keep; already excluded from export","yes","docs/visual-proposals/phase170/phase170-rack-native-normal-fixture-0.png","","yes","yes",""
"docs/visual-proposals/phase170/phase170-rack-native-normal-fixture-1.png","2520462","2,4037","7333250DA70311D56FE13A00B180AAF5C032DE78616A5AA1A8A76FF3460DC273","untracked","documentation","evidence",".png","phase capture/evidence workflow","","phase evidence","not_runtime","","no","docs/**","keep; already excluded from export","yes","","","yes","yes",""
"docs/visual-proposals/phase170/phase170-rack-native-normal-fixture-1.png.import","1045","0,001","4E87F339B5BC35DFE8C1DEE23653633F676ECDE8F86E0051D6F74832EAF5155A","untracked","documentation","evidence",".import","phase capture/evidence workflow","","phase evidence","not_runtime","","no","docs/**","keep; already excluded from export","yes","docs/visual-proposals/phase170/phase170-rack-native-normal-fixture-1.png","","yes","yes",""
"docs/visual-proposals/phase170/phase170-rack-native-normal-fixture-2.png","2524438","2,4075","9FAA89BFA577C0AAB0052A938126AD612C92D729A5F6651AD08A669C06C1CEF1","untracked","documentation","evidence",".png","phase capture/evidence workflow","","phase evidence","not_runtime","","no","docs/**","keep; already excluded from export","yes","","","yes","yes",""
"docs/visual-proposals/phase170/phase170-rack-native-normal-fixture-2.png.import","1046","0,001","14A59A7B4542BD69D9B4AE9EBE84BD6FD89B75D2AB55A1CC8D8BDB2B6E8C3CF2","untracked","documentation","evidence",".import","phase capture/evidence workflow","","phase evidence","not_runtime","","no","docs/**","keep; already excluded from export","yes","docs/visual-proposals/phase170/phase170-rack-native-normal-fixture-2.png","","yes","yes",""
"docs/visual-proposals/phase170/phase170-rack-post-harvest.png","2596707","2,4764","2D8C6E695731108EB035861336E697C181D4ABFA7995A02E31CCA1CD29D1FA00","untracked","documentation","evidence",".png","phase capture/evidence workflow","","phase evidence","not_runtime","","no","docs/**","keep; already excluded from export","yes","","","yes","yes",""
"docs/visual-proposals/phase170/phase170-rack-post-harvest.png.import","1013","0,001","A5E5F42A32FDEEB5F6E686921BC383C3C9D3D56FB03DA94C0A19F924EA407795","untracked","documentation","evidence",".import","phase capture/evidence workflow","","phase evidence","not_runtime","","no","docs/**","keep; already excluded from export","yes","docs/visual-proposals/phase170/phase170-rack-post-harvest.png","","yes","yes",""
"docs/visual-proposals/phase170/phase170-rack-runtime.png","2634580","2,5125","6A657ED5824159FDBB0378BB3BEA49311D4AC3D63B1A2270F60CFD94B1011F48","untracked","documentation","evidence",".png","phase capture/evidence workflow","","phase evidence","not_runtime","","no","docs/**","keep; already excluded from export","yes","","","yes","yes",""
"docs/visual-proposals/phase170/phase170-rack-runtime.png.import","997","0,001","39D7714AA68F0B4961500C458F398E23C9A3F75A2464EA03834C2EE2C1A8DD20","untracked","documentation","evidence",".import","phase capture/evidence workflow","","phase evidence","not_runtime","","no","docs/**","keep; already excluded from export","yes","docs/visual-proposals/phase170/phase170-rack-runtime.png","","yes","yes",""
"docs/visual-proposals/phase171/phase171-rack-native-compact-fixture-0.png","2427325","2,3149","772CBF386B75E3E6ADEDEE6A0A2FBA1D4473DF4DAD5F1183858F56E6272B985A","untracked","documentation","evidence",".png","phase capture/evidence workflow","","phase evidence","not_runtime","","no","docs/**","keep; already excluded from export","yes","","","yes","yes",""
"docs/visual-proposals/phase171/phase171-rack-native-compact-fixture-0.png.import","1048","0,001","5BAB0F35E564E4E45A48D97A8091921C6FED2461642FD6F9F967DDFFC9825CDD","untracked","documentation","evidence",".import","phase capture/evidence workflow","","phase evidence","not_runtime","","no","docs/**","keep; already excluded from export","yes","docs/visual-proposals/phase171/phase171-rack-native-compact-fixture-0.png","","yes","yes",""
"docs/visual-proposals/phase171/phase171-rack-native-compact-fixture-1.png","2286295","2,1804","29D7C8FE898C658703E933CCBB31985322634AC75678C0E47BFC43C5834BA2C4","untracked","documentation","evidence",".png","phase capture/evidence workflow","","phase evidence","not_runtime","","no","docs/**","keep; already excluded from export","yes","","","yes","yes",""
"docs/visual-proposals/phase171/phase171-rack-native-compact-fixture-1.png.import","1049","0,001","48826AD48941C63CE51FF5CFF0BB4575B38A2950298BDD5DA95577951096FE37","untracked","documentation","evidence",".import","phase capture/evidence workflow","","phase evidence","not_runtime","","no","docs/**","keep; already excluded from export","yes","docs/visual-proposals/phase171/phase171-rack-native-compact-fixture-1.png","","yes","yes",""
"docs/visual-proposals/phase171/phase171-rack-native-compact-fixture-2.png","2285464","2,1796","2174250134BA2F4C63B8912E8ADB2E6D7E67705F206B2FD48CA20375724A8B5E","untracked","documentation","evidence",".png","phase capture/evidence workflow","","phase evidence","not_runtime","","no","docs/**","keep; already excluded from export","yes","","","yes","yes",""
"docs/visual-proposals/phase171/phase171-rack-native-compact-fixture-2.png.import","1048","0,001","4B5BE0A603A97DCDE51121C24F864BBA4C9BF7012ADC06671434D67748E95052","untracked","documentation","evidence",".import","phase capture/evidence workflow","","phase evidence","not_runtime","","no","docs/**","keep; already excluded from export","yes","docs/visual-proposals/phase171/phase171-rack-native-compact-fixture-2.png","","yes","yes",""
"docs/visual-proposals/phase171/phase171-rack-native-normal-fixture-0.png","2562841","2,4441","008C4E62C99ABAA1456FBB82D317C5560EA7A7C37E5773698E2B7DF5F47036CA","untracked","documentation","evidence",".png","phase capture/evidence workflow","","phase evidence","not_runtime","","no","docs/**","keep; already excluded from export","yes","","","yes","yes",""
"docs/visual-proposals/phase171/phase171-rack-native-normal-fixture-0.png.import","1045","0,001","2B94BCD8F88DEABDE91CDF1D7B58F20F005B9A709D40A4F2B7311999F35244E0","untracked","documentation","evidence",".import","phase capture/evidence workflow","","phase evidence","not_runtime","","no","docs/**","keep; already excluded from export","yes","docs/visual-proposals/phase171/phase171-rack-native-normal-fixture-0.png","","yes","yes",""
"docs/visual-proposals/phase171/phase171-rack-native-normal-fixture-1.png","2409421","2,2978","C6784986561D4278E151A980409543223275DE7202427D9F1238926196AB3EEE","untracked","documentation","evidence",".png","phase capture/evidence workflow","","phase evidence","not_runtime","","no","docs/**","keep; already excluded from export","yes","","","yes","yes",""
"docs/visual-proposals/phase171/phase171-rack-native-normal-fixture-1.png.import","1046","0,001","52B46CF98AB3AFD1BB30390586C2112B81B9CF0038B6A594B3D948BC786B5AA5","untracked","documentation","evidence",".import","phase capture/evidence workflow","","phase evidence","not_runtime","","no","docs/**","keep; already excluded from export","yes","docs/visual-proposals/phase171/phase171-rack-native-normal-fixture-1.png","","yes","yes",""
"docs/visual-proposals/phase171/phase171-rack-native-normal-fixture-2.png","2412651","2,3009","DBD580BB23A90CE4E306640D583E8302C2454F4ACBB6ADB188FD0DF1BC00131C","untracked","documentation","evidence",".png","phase capture/evidence workflow","","phase evidence","not_runtime","","no","docs/**","keep; already excluded from export","yes","","","yes","yes",""
"docs/visual-proposals/phase171/phase171-rack-native-normal-fixture-2.png.import","1046","0,001","673A80A3276675367CEE2DD7B13AB3E9DC5D4FBA8F435E01C17B68987D1F2073","untracked","documentation","evidence",".import","phase capture/evidence workflow","","phase evidence","not_runtime","","no","docs/**","keep; already excluded from export","yes","docs/visual-proposals/phase171/phase171-rack-native-normal-fixture-2.png","","yes","yes",""
"docs/visual-proposals/phase171/phase171-rack-post-harvest.png","2324171","2,2165","D0C0085FEC77711F4E24FE42D1AF018B7C5A0F45A50BC438068FAB1CFDA5E522","untracked","documentation","evidence",".png","phase capture/evidence workflow","","phase evidence","not_runtime","","no","docs/**","keep; already excluded from export","yes","","","yes","yes",""
"docs/visual-proposals/phase171/phase171-rack-post-harvest.png.import","1012","0,001","E8FB505B90C8607E4990D13F6B9F6524AE3F09ED31D5CA83B0F77863A20883C9","untracked","documentation","evidence",".import","phase capture/evidence workflow","","phase evidence","not_runtime","","no","docs/**","keep; already excluded from export","yes","docs/visual-proposals/phase171/phase171-rack-post-harvest.png","","yes","yes",""
"docs/visual-proposals/phase171/phase171-rack-runtime.png","2362488","2,253","67DB52CF0D39F9AF344248F5751369221A48FEA16A1790FEC59145CF3A0BA690","untracked","documentation","evidence",".png","phase capture/evidence workflow","","phase evidence","not_runtime","","no","docs/**","keep; already excluded from export","yes","","","yes","yes",""
"docs/visual-proposals/phase171/phase171-rack-runtime.png.import","997","0,001","DD0BD8A0C573A630D4B95C04EA40658046DD9E91026B45DA487101E54D48F328","untracked","documentation","evidence",".import","phase capture/evidence workflow","","phase evidence","not_runtime","","no","docs/**","keep; already excluded from export","yes","docs/visual-proposals/phase171/phase171-rack-runtime.png","","yes","yes",""
"docs/visual-proposals/phase172/phase172-detail-compact-basil-dead.png","1925881","1,8367","AE5BE098B385756F7601C8AF71545178265A3EB56BE0CCDC56E5594751F4A373","untracked","documentation","evidence",".png","phase capture/evidence workflow","","phase evidence","not_runtime","","no","docs/**","keep; already excluded from export","yes","","","yes","yes",""
"docs/visual-proposals/phase172/phase172-detail-compact-basil-dead.png.import","1037","0,001","3AF8F0B366EC4B110412A4C40859600D8B727FD2B70E9A1C0B3C20B4927DA9CA","untracked","documentation","evidence",".import","phase capture/evidence workflow","","phase evidence","not_runtime","","no","docs/**","keep; already excluded from export","yes","docs/visual-proposals/phase172/phase172-detail-compact-basil-dead.png","","yes","yes",""
"docs/visual-proposals/phase172/phase172-detail-compact-drying.png","1917203","1,8284","2F6C71783D6440478FEBBBF7D68016C65BB50D56E699BB99B0F75774AA2196C3","untracked","documentation","evidence",".png","phase capture/evidence workflow","","phase evidence","not_runtime","","no","docs/**","keep; already excluded from export","yes","","","yes","yes",""
"docs/visual-proposals/phase172/phase172-detail-compact-drying.png.import","1025","0,001","7A5A5964849CDDEE96DDBAD4C7D38CEB67C992557395845A7A14A0F0253C443F","untracked","documentation","evidence",".import","phase capture/evidence workflow","","phase evidence","not_runtime","","no","docs/**","keep; already excluded from export","yes","docs/visual-proposals/phase172/phase172-detail-compact-drying.png","","yes","yes",""
"docs/visual-proposals/phase172/phase172-detail-compact-empty.png","1875151","1,7883","9A3F9D707870B74B9D16BE4C387C6DDDD23F675998EB5C0AEA1D533225624BDA","untracked","documentation","evidence",".png","phase capture/evidence workflow","","phase evidence","not_runtime","","no","docs/**","keep; already excluded from export","yes","","","yes","yes",""
"docs/visual-proposals/phase172/phase172-detail-compact-empty.png.import","1022","0,001","A1DFD266274B4FB75410433902C7E9D402B4D43DE7893A2B112B332A01CB9FB2","untracked","documentation","evidence",".import","phase capture/evidence workflow","","phase evidence","not_runtime","","no","docs/**","keep; already excluded from export","yes","docs/visual-proposals/phase172/phase172-detail-compact-empty.png","","yes","yes",""
"docs/visual-proposals/phase172/phase172-detail-compact-lavender-seed.png","1875983","1,7891","ADC2560AE4532C00A210FE952FFEED4A20B152B04D641015645419F6A2B6CDCD","untracked","documentation","evidence",".png","phase capture/evidence workflow","","phase evidence","not_runtime","","no","docs/**","keep; already excluded from export","yes","","","yes","yes",""
"docs/visual-proposals/phase172/phase172-detail-compact-lavender-seed.png.import","1045","0,001","C8219592D2215CCB7559046631E34646D740E815972125346FAFCC47096B34A1","untracked","documentation","evidence",".import","phase capture/evidence workflow","","phase evidence","not_runtime","","no","docs/**","keep; already excluded from export","yes","docs/visual-proposals/phase172/phase172-detail-compact-lavender-seed.png","","yes","yes",""
"docs/visual-proposals/phase172/phase172-detail-compact-lavender-young.png","1919483","1,8306","13DB37F2711AA108F74861425E1AE5439E1EE40546C3B11A69106F5E916B2749","untracked","documentation","evidence",".png","phase capture/evidence workflow","","phase evidence","not_runtime","","no","docs/**","keep; already excluded from export","yes","","","yes","yes",""
"docs/visual-proposals/phase172/phase172-detail-compact-lavender-young.png.import","1049","0,001","4BD4778DED441D7C4C542F8C1BDE1B43617A74FA538B37EE1F8CF7156A9F908E","untracked","documentation","evidence",".import","phase capture/evidence workflow","","phase evidence","not_runtime","","no","docs/**","keep; already excluded from export","yes","docs/visual-proposals/phase172/phase172-detail-compact-lavender-young.png","","yes","yes",""
"docs/visual-proposals/phase172/phase172-detail-compact-packaged.png","1889054","1,8015","D7DCE39B5DCDFDEACC720D363B2714DBC8D1B079784EBA8CA3BEB04B50B154E3","untracked","documentation","evidence",".png","phase capture/evidence workflow","","phase evidence","not_runtime","","no","docs/**","keep; already excluded from export","yes","","","yes","yes",""
"docs/visual-proposals/phase172/phase172-detail-compact-packaged.png.import","1031","0,001","9B5F6FE3F1A9AD33A5E3E17B98D04597CF8140CE182B00E60BA168E9615D018D","untracked","documentation","evidence",".import","phase capture/evidence workflow","","phase evidence","not_runtime","","no","docs/**","keep; already excluded from export","yes","docs/visual-proposals/phase172/phase172-detail-compact-packaged.png","","yes","yes",""
"docs/visual-proposals/phase172/phase172-detail-compact-sage-mature.png","2043051","1,9484","85CB3F6F971C9C18FF3A098081B9EBC67A0A36592CB72F521BDC2A84CE082020","untracked","documentation","evidence",".png","phase capture/evidence workflow","","phase evidence","not_runtime","","no","docs/**","keep; already excluded from export","yes","","","yes","yes",""
"docs/visual-proposals/phase172/phase172-detail-compact-sage-mature.png.import","1040","0,001","1A6BCBDBFB37D18AF26007AD3152A49657593CACE10019C3746A4C2CE8B9E50C","untracked","documentation","evidence",".import","phase capture/evidence workflow","","phase evidence","not_runtime","","no","docs/**","keep; already excluded from export","yes","docs/visual-proposals/phase172/phase172-detail-compact-sage-mature.png","","yes","yes",""
"docs/visual-proposals/phase172/phase172-detail-compact.png","2075540","1,9794","3077C1C02EBD05BDFC0661A67F5088B65724ECDF23F5F1ECEA868E84AC67671D","untracked","documentation","evidence",".png","phase capture/evidence workflow","","phase evidence","not_runtime","","no","docs/**","keep; already excluded from export","yes","","","yes","yes",""
"docs/visual-proposals/phase172/phase172-detail-compact.png.import","1003","0,001","C7A664EF6713FAFFF3E5862CA7421A93ADEAAA6C6DE6DE0E87BF076E638A5102","untracked","documentation","evidence",".import","phase capture/evidence workflow","","phase evidence","not_runtime","","no","docs/**","keep; already excluded from export","yes","docs/visual-proposals/phase172/phase172-detail-compact.png","","yes","yes",""
"docs/visual-proposals/phase172/phase172-detail-growth.png","2161527","2,0614","DF9B8D36F6C5D87770B0854B46D1D1A66C1BE4FF5F10EFE83742648A4AAD54C8","untracked","documentation","evidence",".png","phase capture/evidence workflow","","phase evidence","not_runtime","","no","docs/**","keep; already excluded from export","yes","","","yes","yes",""
"docs/visual-proposals/phase172/phase172-detail-growth.png.import","1001","0,001","65D1F1E9BE5332A67DF4238C6AA035600AFDC2BD452844CD15A20F3A85CB3C24","untracked","documentation","evidence",".import","phase capture/evidence workflow","","phase evidence","not_runtime","","no","docs/**","keep; already excluded from export","yes","docs/visual-proposals/phase172/phase172-detail-growth.png","","yes","yes",""
"docs/visual-proposals/phase172/phase172-detail-ladybug.png","2160799","2,0607","EF9322763F35C56293D78DD91F94783DE437AA5D3F5403D21DFD7BBF3FE8DB7D","untracked","documentation","evidence",".png","phase capture/evidence workflow","","phase evidence","not_runtime","","no","docs/**","keep; already excluded from export","yes","","","yes","yes",""
"docs/visual-proposals/phase172/phase172-detail-ladybug.png.import","1004","0,001","4E782868CD19D6631EA63890DF930BC979029C2CA1743AA9E68D40DB62BFDFAB","untracked","documentation","evidence",".import","phase capture/evidence workflow","","phase evidence","not_runtime","","no","docs/**","keep; already excluded from export","yes","docs/visual-proposals/phase172/phase172-detail-ladybug.png","","yes","yes",""
"docs/visual-proposals/phase172/phase172-detail-runtime.png","2159627","2,0596","0B9B064962F3395087479FED9466FD075D71C9D09EC6C48FC42BFA71A9294590","untracked","documentation","evidence",".png","phase capture/evidence workflow","","phase evidence","not_runtime","","no","docs/**","keep; already excluded from export","yes","","","yes","yes",""
"docs/visual-proposals/phase172/phase172-detail-runtime.png.import","1004","0,001","78119BE5285F5F4690FFF026DF448FE2EF0C52B64723742435BDEBE275A3EC25","untracked","documentation","evidence",".import","phase capture/evidence workflow","","phase evidence","not_runtime","","no","docs/**","keep; already excluded from export","yes","docs/visual-proposals/phase172/phase172-detail-runtime.png","","yes","yes",""
"docs/visual-proposals/phase172/phase172-detail-water.png","2172415","2,0718","59AE0D3ADCC021DAD31FF8BE57C39E7AB5ACD93EB6F2F6D42099CD8726325002","untracked","documentation","evidence",".png","phase capture/evidence workflow","","phase evidence","not_runtime","","no","docs/**","keep; already excluded from export","yes","","","yes","yes",""
"docs/visual-proposals/phase172/phase172-detail-water.png.import","997","0,001","3F00618169C602A75686C8818E8FE1913AC673CCF59AD5F35C30D434A585CC3E","untracked","documentation","evidence",".import","phase capture/evidence workflow","","phase evidence","not_runtime","","no","docs/**","keep; already excluded from export","yes","docs/visual-proposals/phase172/phase172-detail-water.png","","yes","yes",""
"docs/visual-proposals/phase172/validation-evidence.json","19363","0,0185","EB97A79B412EDDD0442E91B64631752A57AE4E2466C975CA098617DD16B035EC","untracked","documentation","evidence",".json","phase capture/evidence workflow","","phase evidence","not_runtime","","no","docs/**","keep; already excluded from export","yes","","","yes","yes",""
"docs/visual-proposals/phase173/phase173-detail-compact.png","2065817","1,9701","9F62EF64D1450589C1C1F5639F1D32F27CCA7C9DBE774DE78C23A0668DB0686A","untracked","documentation","evidence",".png","phase capture/evidence workflow","","phase evidence","not_runtime","","no","docs/**","keep; already excluded from export","yes","","","yes","yes",""
"docs/visual-proposals/phase173/phase173-detail-compact.png.import","1004","0,001","A510C52E4157903F4FCDFC4C0B2CBDDE912BC7CCC823200B0029B18F582308FB","untracked","documentation","evidence",".import","phase capture/evidence workflow","","phase evidence","not_runtime","","no","docs/**","keep; already excluded from export","yes","docs/visual-proposals/phase173/phase173-detail-compact.png","","yes","yes",""
"docs/visual-proposals/phase173/phase173-detail-normal.png","2152505","2,0528","A794A10EB10BB26B5334C8916B823299AF963F7C2D69199C97AEE8E0E34A599C","untracked","documentation","evidence",".png","phase capture/evidence workflow","","phase evidence","not_runtime","","no","docs/**","keep; already excluded from export","yes","","","yes","yes",""
"docs/visual-proposals/phase173/phase173-detail-normal.png.import","1001","0,001","A053ACEF49745C4EFFD75A7B139E81FB679CD9545EA7CE4D9EA83209F2931D61","untracked","documentation","evidence",".import","phase capture/evidence workflow","","phase evidence","not_runtime","","no","docs/**","keep; already excluded from export","yes","docs/visual-proposals/phase173/phase173-detail-normal.png","","yes","yes",""
"docs/visual-proposals/phase173/phase173-header-compact.png","68064","0,0649","3896546942F9CF9E8C47974924B543162B6BDA70D0039D3D2FC136099FCB905E","untracked","documentation","evidence",".png","phase capture/evidence workflow","","phase evidence","not_runtime","","no","docs/**","keep; already excluded from export","yes","","","yes","yes",""
"docs/visual-proposals/phase173/phase173-header-compact.png.import","1004","0,001","00855921B92955F3BA05E7620B98FC6E7FFAF46B6CA28F3355842D143A4531C6","untracked","documentation","evidence",".import","phase capture/evidence workflow","","phase evidence","not_runtime","","no","docs/**","keep; already excluded from export","yes","docs/visual-proposals/phase173/phase173-header-compact.png","","yes","yes",""
"docs/visual-proposals/phase173/phase173-header-normal.png","54882","0,0523","BED499870AD4BD9BFABACA0E15AA6F46D7E4399F8B98304D531E2A90332ACD2A","untracked","documentation","evidence",".png","phase capture/evidence workflow","","phase evidence","not_runtime","","no","docs/**","keep; already excluded from export","yes","","","yes","yes",""
"docs/visual-proposals/phase173/phase173-header-normal.png.import","1000","0,001","ACFEC8851A421D5A19A5F164F89FA4AFD923951BEFEACB5BC055A92FE3356A3D","untracked","documentation","evidence",".import","phase capture/evidence workflow","","phase evidence","not_runtime","","no","docs/**","keep; already excluded from export","yes","docs/visual-proposals/phase173/phase173-header-normal.png","","yes","yes",""
"docs/visual-proposals/phase173/validation-evidence.json","2254","0,0021","F369932B80EDDD1BD08F4A7F6FAEA097D963E3C95648EFE2F362A29F682AE914","untracked","documentation","evidence",".json","phase capture/evidence workflow","","phase evidence","not_runtime","","no","docs/**","keep; already excluded from export","yes","","","yes","yes",""
"docs/visual-proposals/phase174/phase174-rear-bed1.png","295720","0,282","B60A25CF9AB4049270E53C8D2CB3474C8AD52531B9ED61953AE9BB5778C39D90","untracked","documentation","evidence",".png","phase capture/evidence workflow","","phase evidence","not_runtime","","no","docs/**","keep; already excluded from export","yes","","","yes","yes",""
"docs/visual-proposals/phase174/phase174-rear-bed1.png.import","989","0,0009","BE1AEA3629ABB1320DFC605613F1EA2E9BF149FE885C27346AA98757D955F567","untracked","documentation","evidence",".import","phase capture/evidence workflow","","phase evidence","not_runtime","","no","docs/**","keep; already excluded from export","yes","docs/visual-proposals/phase174/phase174-rear-bed1.png","","yes","yes",""
"docs/visual-proposals/phase174/phase174-rear-bed2.png","295765","0,2821","C7DA0A72B2364A61F78DD7BD26909ED62411A67249DF1050E627F3D50AE98AB6","untracked","documentation","evidence",".png","phase capture/evidence workflow","","phase evidence","not_runtime","","no","docs/**","keep; already excluded from export","yes","","","yes","yes",""
"docs/visual-proposals/phase174/phase174-rear-bed2.png.import","988","0,0009","F01937370E723D2C644B673395C46836B02B54E33958CA996469F6B5D00E6079","untracked","documentation","evidence",".import","phase capture/evidence workflow","","phase evidence","not_runtime","","no","docs/**","keep; already excluded from export","yes","docs/visual-proposals/phase174/phase174-rear-bed2.png","","yes","yes",""
"docs/visual-proposals/phase174/validation-evidence.json","1993","0,0019","A020E0A0C702DB960CB8063BF138E06F2B32A47385466814ADF97FC73573A420","untracked","documentation","evidence",".json","phase capture/evidence workflow","","phase evidence","not_runtime","","no","docs/**","keep; already excluded from export","yes","","","yes","yes",""
"docs/visual-proposals/phase176/phase176-front-bed3.png","633926","0,6046","53C1048917AE1B651C26006163E5FC10CE20C0B114447EE5B83119C67D12E669","untracked","documentation","evidence",".png","phase capture/evidence workflow","","phase evidence","not_runtime","","no","docs/**","keep; already excluded from export","yes","","","yes","yes",""
"docs/visual-proposals/phase176/phase176-front-bed3.png.import","992","0,0009","6EBB544E16D5BFCA36E40D229AE8594CE2A1377E1E8AAA9756C5C36E141EDEEE","untracked","documentation","evidence",".import","phase capture/evidence workflow","","phase evidence","not_runtime","","no","docs/**","keep; already excluded from export","yes","docs/visual-proposals/phase176/phase176-front-bed3.png","","yes","yes",""
"docs/visual-proposals/phase176/phase176-front-bed4.png","634109","0,6047","054842F8FA80809EB4E73DC970171902BEFB8B3FE2C903A8048CC61CEAC4CB07","untracked","documentation","evidence",".png","phase capture/evidence workflow","","phase evidence","not_runtime","","no","docs/**","keep; already excluded from export","yes","","","yes","yes",""
"docs/visual-proposals/phase176/phase176-front-bed4.png.import","992","0,0009","E7BBB5356D34F2043DA557EB3C6343D5620D5B8B9065D0C01448F618BA0EAB46","untracked","documentation","evidence",".import","phase capture/evidence workflow","","phase evidence","not_runtime","","no","docs/**","keep; already excluded from export","yes","docs/visual-proposals/phase176/phase176-front-bed4.png","","yes","yes",""
"docs/visual-proposals/phase177/phase177-greenhouse-seedlings-contained-compact.png","1080079","1,03","12F0BDE1DD55FF1471EEC2CF245274DFC423973ADDD25855E444CF8E5D489CC4","untracked","documentation","evidence",".png","phase capture/evidence workflow","","phase evidence","not_runtime","","no","docs/**","keep; already excluded from export","yes","","","yes","yes",""
"docs/visual-proposals/phase177/phase177-greenhouse-seedlings-contained-compact.png.import","1076","0,001","14707AE6F8E9B26FD2DE46A8C4259626223D426FBF89C2726DB17BB81B3C57B5","untracked","documentation","evidence",".import","phase capture/evidence workflow","","phase evidence","not_runtime","","no","docs/**","keep; already excluded from export","yes","docs/visual-proposals/phase177/phase177-greenhouse-seedlings-contained-compact.png","","yes","yes",""
"docs/visual-proposals/phase177/phase177-greenhouse-seedlings-contained.png","1133462","1,081","27BAE99BE63294CB3306B2B25AEEBEAD31F596E7605A453828F3127CC951A012","untracked","documentation","evidence",".png","phase capture/evidence workflow","","phase evidence","not_runtime","","no","docs/**","keep; already excluded from export","yes","","","yes","yes",""
"docs/visual-proposals/phase177/phase177-greenhouse-seedlings-contained.png.import","1051","0,001","5F71BD162DDF101B471D1570EEF8362B787F5D19CDE6B2645F212B13A62C9697","untracked","documentation","evidence",".import","phase capture/evidence workflow","","phase evidence","not_runtime","","no","docs/**","keep; already excluded from export","yes","docs/visual-proposals/phase177/phase177-greenhouse-seedlings-contained.png","","yes","yes",""
"docs/visual-proposals/phase178/phase178-greenhouse-seedlings-in-soil-compact.png","1078375","1,0284","8E54B93DE334E4BB25553673F536CD4F1FC6FBD7FCFBEDC9F50D83663ADEAFF6","untracked","documentation","evidence",".png","phase capture/evidence workflow","","phase evidence","not_runtime","","no","docs/**","keep; already excluded from export","yes","","","yes","yes",""
"docs/visual-proposals/phase178/phase178-greenhouse-seedlings-in-soil-compact.png.import","1070","0,001","0DB83A257BBAFDD08E9C9B1EA0FB24D116A796895BA56088720631E3D12278D7","untracked","documentation","evidence",".import","phase capture/evidence workflow","","phase evidence","not_runtime","","no","docs/**","keep; already excluded from export","yes","docs/visual-proposals/phase178/phase178-greenhouse-seedlings-in-soil-compact.png","","yes","yes",""
"docs/visual-proposals/phase178/phase178-greenhouse-seedlings-in-soil.png","1132393","1,0799","12043953D7A1F5335248D61DDFACD8385D878CA4E5CC9E0BC1A44C95F6E1605B","untracked","documentation","evidence",".png","phase capture/evidence workflow","","phase evidence","not_runtime","","no","docs/**","keep; already excluded from export","yes","","","yes","yes",""
"docs/visual-proposals/phase178/phase178-greenhouse-seedlings-in-soil.png.import","1046","0,001","71575FE9FAC62F0A675318BA8825A9030D31A101FB35D1555895105BBBB72834","untracked","documentation","evidence",".import","phase capture/evidence workflow","","phase evidence","not_runtime","","no","docs/**","keep; already excluded from export","yes","docs/visual-proposals/phase178/phase178-greenhouse-seedlings-in-soil.png","","yes","yes",""
"docs/visual-proposals/phase179/phase179-rack-lights-on-compact.png","2409945","2,2983","34A8989F1E340680F07FFA2AC60650663B61B8AAFBE816904E45C2820F779BC5","untracked","documentation","evidence",".png","phase capture/evidence workflow","","phase evidence","not_runtime","","no","docs/**","keep; already excluded from export","yes","","","yes","yes",""
"docs/visual-proposals/phase179/phase179-rack-lights-on-compact.png.import","1028","0,001","8D9EF563979288A907D5597E18A26FC69F10FD33F513FC4D7984152CFBAD5623","untracked","documentation","evidence",".import","phase capture/evidence workflow","","phase evidence","not_runtime","","no","docs/**","keep; already excluded from export","yes","docs/visual-proposals/phase179/phase179-rack-lights-on-compact.png","","yes","yes",""
"docs/visual-proposals/phase179/phase179-rack-lights-on.png","2510902","2,3946","74C26AD08220BC23B1B8B3DF05D4527ABEBFD282920B58A2A07DFA6E07F7947F","untracked","documentation","evidence",".png","phase capture/evidence workflow","","phase evidence","not_runtime","","no","docs/**","keep; already excluded from export","yes","","","yes","yes",""
"docs/visual-proposals/phase179/phase179-rack-lights-on.png.import","1004","0,001","228E4D6032E26A0C161100D73E294C19E092F5C722AAA3D089D7F2435CF3912E","untracked","documentation","evidence",".import","phase capture/evidence workflow","","phase evidence","not_runtime","","no","docs/**","keep; already excluded from export","yes","docs/visual-proposals/phase179/phase179-rack-lights-on.png","","yes","yes",""
"docs/visual-proposals/phase179/phase179-rack-lights-transition-compact.png","2418275","2,3062","341497BFE8EFA5267D4D658BACA04CE9381ACEFC38077C02D0F51F2EB1A6758A","untracked","documentation","evidence",".png","phase capture/evidence workflow","","phase evidence","not_runtime","","no","docs/**","keep; already excluded from export","yes","","","yes","yes",""
"docs/visual-proposals/phase179/phase179-rack-lights-transition-compact.png.import","1052","0,001","B9F3F41BCD65CBC78F54787DC9904277853A2663ED8022689367F30202BB9B55","untracked","documentation","evidence",".import","phase capture/evidence workflow","","phase evidence","not_runtime","","no","docs/**","keep; already excluded from export","yes","docs/visual-proposals/phase179/phase179-rack-lights-transition-compact.png","","yes","yes",""
"docs/visual-proposals/phase179/phase179-rack-lights-transition.png","2520374","2,4036","0267BD8034E09F2F162EAE52C015F48729CDCA54719FB91B208AE076B4F9A21E","untracked","documentation","evidence",".png","phase capture/evidence workflow","","phase evidence","not_runtime","","no","docs/**","keep; already excluded from export","yes","","","yes","yes",""
"docs/visual-proposals/phase179/phase179-rack-lights-transition.png.import","1028","0,001","479E6ACAFFD61F447E83419E8F8C53F860FB475355F5CB3B764D5BF338036E17","untracked","documentation","evidence",".import","phase capture/evidence workflow","","phase evidence","not_runtime","","no","docs/**","keep; already excluded from export","yes","docs/visual-proposals/phase179/phase179-rack-lights-transition.png","","yes","yes",""
"scripts/ui/hud_text_fitter.gd","1910","0,0018","59DFBCBB3C47B10972390B85568DF0762265FC22B4348E97B536DF1922EF6327","untracked","runtime_referenced","runtime",".gd","authored source","scripts/main.gd and/or runtime presenters","","script/preload/class reference","res://scripts/ui/hud_text_fitter.gd","yes","none","keep in Git and runtime export","yes","","","no","no",""
"scripts/ui/hud_text_fitter.gd.uid","20","0","0EAE080674BCAA4500E6DA65A4D52B09A24F908DE35ECC33DEF8BCB246DFF6AF","untracked","runtime_referenced","runtime",".uid","authored source","scripts/main.gd and/or runtime presenters","","script/preload/class reference","res://scripts/ui/hud_text_fitter.gd.uid","yes","none","keep in Git and runtime export","yes","scripts/ui/hud_text_fitter.gd","","no","no",""
"scripts/ui/plant_detail_header.gd","507","0,0005","B6F247326A0F5EA1104D71242C76CA636FA483FF45BD5AA0740841AF204E2DC3","untracked","runtime_referenced","runtime",".gd","authored source","scripts/main.gd and/or runtime presenters","","script/preload/class reference","res://scripts/ui/plant_detail_header.gd","yes","none","keep in Git and runtime export","yes","","","no","no",""
"scripts/ui/plant_detail_header.gd.uid","20","0","CBBCEA907F95E88AEF687D8B1BB52EBA2F5FB4D337C4D8A5FE0C3FA9922226FF","untracked","runtime_referenced","runtime",".uid","authored source","scripts/main.gd and/or runtime presenters","","script/preload/class reference","res://scripts/ui/plant_detail_header.gd.uid","yes","none","keep in Git and runtime export","yes","scripts/ui/plant_detail_header.gd","","no","no",""
"scripts/ui/plant_detail_layout.gd","2031","0,0019","3C108388DF76AAC02C1120B29CB0D5D06ADB84D997CB6D0C61F776AA2074F845","untracked","runtime_referenced","runtime",".gd","authored source","scripts/main.gd and/or runtime presenters","","script/preload/class reference","res://scripts/ui/plant_detail_layout.gd","yes","none","keep in Git and runtime export","yes","","","no","no",""
"scripts/ui/plant_detail_layout.gd.uid","20","0","321123CB66092B88D4386D5F0FBE5B8296FA487B0A2F26F5C5376AF03AC05CFB","untracked","runtime_referenced","runtime",".uid","authored source","scripts/main.gd and/or runtime presenters","","script/preload/class reference","res://scripts/ui/plant_detail_layout.gd.uid","yes","none","keep in Git and runtime export","yes","scripts/ui/plant_detail_layout.gd","","no","no",""
"scripts/ui/rack_planter_grounding.gd","2272","0,0022","5704B09AEB66AD373410171A34C67C3445CA65BAA05E8EA3EA34154756F1549E","untracked","runtime_referenced","runtime",".gd","authored source","scripts/main.gd and/or runtime presenters","","script/preload/class reference","res://scripts/ui/rack_planter_grounding.gd","yes","none","keep in Git and runtime export","yes","","","no","no",""
"scripts/ui/rack_planter_grounding.gd.uid","20","0","6AB7A669DF7BAD406D66A899A08377E0E5F097D23896ECD4EF4D38D8A0DCFE7C","untracked","runtime_referenced","runtime",".uid","authored source","scripts/main.gd and/or runtime presenters","","script/preload/class reference","res://scripts/ui/rack_planter_grounding.gd.uid","yes","none","keep in Git and runtime export","yes","scripts/ui/rack_planter_grounding.gd","","no","no",""
"scripts/ui/rack_stand_layout.gd","2325","0,0022","7D91F6BC50AB748B55BE633589F9C91D3080D92F602512D8537786C07216B503","untracked","runtime_referenced","runtime",".gd","authored source","scripts/main.gd and/or runtime presenters","","script/preload/class reference","res://scripts/ui/rack_stand_layout.gd","yes","none","keep in Git and runtime export","yes","","","no","no",""
"scripts/ui/rack_stand_layout.gd.uid","20","0","FCDDD321FB03DFAD09AACDACDDB8A2473526332BA83D1D00284ABE931AB6FD0F","untracked","runtime_referenced","runtime",".uid","authored source","scripts/main.gd and/or runtime presenters","","script/preload/class reference","res://scripts/ui/rack_stand_layout.gd.uid","yes","none","keep in Git and runtime export","yes","scripts/ui/rack_stand_layout.gd","","no","no",""
"scripts/ui/room_plant_drag_controller.gd","6130","0,0058","A7C14BBCDE7E66F622A9B6392BC31F14485D8BD4F505C34672DE60285263BD64","untracked","runtime_referenced","runtime",".gd","authored source","scripts/main.gd and/or runtime presenters","","script/preload/class reference","res://scripts/ui/room_plant_drag_controller.gd","yes","none","keep in Git and runtime export","yes","","","no","no",""
"scripts/ui/room_plant_drag_controller.gd.uid","19","0","1072E038665085FB22DFBD9C22D8673ACBCBB2F9E58FE231F15ED04261EC2375","untracked","runtime_referenced","runtime",".uid","authored source","scripts/main.gd and/or runtime presenters","","script/preload/class reference","res://scripts/ui/room_plant_drag_controller.gd.uid","yes","none","keep in Git and runtime export","yes","scripts/ui/room_plant_drag_controller.gd","","no","no",""
"scripts/ui/room_plant_render_geometry.gd","7651","0,0073","5B31FB600E5FED95FAAE1066D1789458315C5A927664C9C9AFD78894A64C79A3","untracked","runtime_referenced","runtime",".gd","authored source","scripts/main.gd and/or runtime presenters","","script/preload/class reference","res://scripts/ui/room_plant_render_geometry.gd","yes","none","keep in Git and runtime export","yes","","","no","no",""
"scripts/ui/room_plant_render_geometry.gd.uid","19","0","1EB6B050AB510ABA21298A4A2E55C8D74C7648E3C7FD870B37E50BF50CA1EA10","untracked","runtime_referenced","runtime",".uid","authored source","scripts/main.gd and/or runtime presenters","","script/preload/class reference","res://scripts/ui/room_plant_render_geometry.gd.uid","yes","none","keep in Git and runtime export","yes","scripts/ui/room_plant_render_geometry.gd","","no","no",""
"scripts/ui/tooltip_policy.gd","449","0,0004","6B6E9A777DDE2D21DF334B9A0628FF1166AD65042BC9F38C1D9C7E055640F534","untracked","runtime_referenced","runtime",".gd","authored source","scripts/main.gd and/or runtime presenters","","script/preload/class reference","res://scripts/ui/tooltip_policy.gd","yes","none","keep in Git and runtime export","yes","","","no","no",""
"scripts/ui/tooltip_policy.gd.uid","20","0","941F359DDBCE88A5D8C96FB42BAE2798231D2DA8C7F51E1DA3D539883CEEAE9C","untracked","runtime_referenced","runtime",".uid","authored source","scripts/main.gd and/or runtime presenters","","script/preload/class reference","res://scripts/ui/tooltip_policy.gd.uid","yes","none","keep in Git and runtime export","yes","scripts/ui/tooltip_policy.gd","","no","no",""
"tests/greenhouse_seedling_containment_test.gd","9337","0,0089","C19D0504A43ED0F3ABC2117A5416B2C01EF2C9ED2EA0D0EAA458AF6EFDDEE42D","untracked","test_or_versioned_reference","validation",".gd","authored source","tests/test_runner.gd","golden/test/capture","not_runtime","","no","tests/**","keep; already excluded from export","yes","","","yes","no",""
"tests/greenhouse_seedling_containment_test.gd.uid","20","0","4E0479FDCF35E86660CDEC77108E726F296CC5202536B9CD226231714CCDA6CC","untracked","test_or_versioned_reference","validation",".uid","authored source","tests/test_runner.gd","golden/test/capture","not_runtime","","no","tests/**","keep; already excluded from export","yes","tests/greenhouse_seedling_containment_test.gd","","yes","no",""
"tests/greenhouse_seedling_depth_test.gd","8693","0,0083","DCFE396E0342F13D4BAD71124582B3B98DA609B39469BC4E1AD3686BCD4B8C87","untracked","test_or_versioned_reference","validation",".gd","authored source","tests/test_runner.gd","golden/test/capture","not_runtime","","no","tests/**","keep; already excluded from export","yes","","","yes","no",""
"tests/greenhouse_seedling_depth_test.gd.uid","25","0","415120514C29B861802F35D74C3243F16FE4760A98B8B6BD1897276D3BDCC628","untracked","test_or_versioned_reference","validation",".uid","authored source","tests/test_runner.gd","golden/test/capture","not_runtime","","no","tests/**","keep; already excluded from export","yes","tests/greenhouse_seedling_depth_test.gd","","yes","no",""
"tests/greenhouse_selection_alignment_test.gd","2973","0,0028","E6954CCD81BE2529156865211E35491D998A5EB2106E8E12CA926178C7C6479F","untracked","test_or_versioned_reference","validation",".gd","authored source","tests/test_runner.gd","golden/test/capture","not_runtime","","no","tests/**","keep; already excluded from export","yes","","","yes","no",""
"tests/greenhouse_selection_alignment_test.gd.uid","20","0","FDFE389C78AE5A3CA88B64B29669974EFF5D7642F21C7A284A2E0AA438122F75","untracked","test_or_versioned_reference","validation",".uid","authored source","tests/test_runner.gd","golden/test/capture","not_runtime","","no","tests/**","keep; already excluded from export","yes","tests/greenhouse_selection_alignment_test.gd","","yes","no",""
"tests/plant_detail_grounding_test.gd","16892","0,0161","9D901E22044DC3460221A33C0CCCA5312A7614742EB3498D3CA619B0D6516A52","untracked","test_or_versioned_reference","validation",".gd","authored source","tests/test_runner.gd","golden/test/capture","not_runtime","","no","tests/**","keep; already excluded from export","yes","","","yes","no",""
"tests/plant_detail_grounding_test.gd.uid","20","0","E11105A62F7B82A83873E617E51801D9C65FD40EB1C7342D804F1ACFD86A4143","untracked","test_or_versioned_reference","validation",".uid","authored source","tests/test_runner.gd","golden/test/capture","not_runtime","","no","tests/**","keep; already excluded from export","yes","tests/plant_detail_grounding_test.gd","","yes","no",""
"tests/plant_detail_header_test.gd","1083","0,001","5F77D88B58847A345452D4F6157A8D4AD82C8FF37D30E161494C81661BBE96CE","untracked","test_or_versioned_reference","validation",".gd","authored source","tests/test_runner.gd","golden/test/capture","not_runtime","","no","tests/**","keep; already excluded from export","yes","","","yes","no",""
"tests/plant_detail_header_test.gd.uid","19","0","3493174B4A26FACF068347057ED96DDCBA14FFE66981B0E728FC20B9AF130B2E","untracked","test_or_versioned_reference","validation",".uid","authored source","tests/test_runner.gd","golden/test/capture","not_runtime","","no","tests/**","keep; already excluded from export","yes","tests/plant_detail_header_test.gd","","yes","no",""
"tests/rack_light_interaction_test.gd","18241","0,0174","BA7E34A9387A4CC6687C517A09A51082BAB6C60AE4F428C32069F5535F7EF306","untracked","test_or_versioned_reference","validation",".gd","authored source","tests/test_runner.gd","golden/test/capture","not_runtime","","no","tests/**","keep; already excluded from export","yes","","","yes","no",""
"tests/rack_light_interaction_test.gd.uid","22","0","35E95051CDD7F197B29F6C61C8579E2BB507E43178EF0E9FD90505E34A30D82D","untracked","test_or_versioned_reference","validation",".uid","authored source","tests/test_runner.gd","golden/test/capture","not_runtime","","no","tests/**","keep; already excluded from export","yes","tests/rack_light_interaction_test.gd","","yes","no",""
"tests/rack_planter_grounding_test.gd","22544","0,0215","195106A960FFAF0D8684372B1BCCC007E4826FCCCF014527FF827CDDE3C7BDCC","untracked","test_or_versioned_reference","validation",".gd","authored source","tests/test_runner.gd","golden/test/capture","not_runtime","","no","tests/**","keep; already excluded from export","yes","","","yes","no",""
"tests/rack_planter_grounding_test.gd.uid","20","0","445276F7CD40B81C1BEEBF9E4840658457EFB3D04C83CD3432C504B5140ED989","untracked","test_or_versioned_reference","validation",".uid","authored source","tests/test_runner.gd","golden/test/capture","not_runtime","","no","tests/**","keep; already excluded from export","yes","tests/rack_planter_grounding_test.gd","","yes","no",""
"tests/rack_stand_layout_test.gd","20405","0,0195","3F09C0093223B6348E6D47D69BA88874F3F18FDF00B10F20EF65C17629F24F4C","untracked","test_or_versioned_reference","validation",".gd","authored source","tests/test_runner.gd","golden/test/capture","not_runtime","","no","tests/**","keep; already excluded from export","yes","","","yes","no",""
"tests/rack_stand_layout_test.gd.uid","20","0","C99A6A4716D52D0D2E14F0BDCE825E46E5BAA63F56D3BA513170F435E01F3C15","untracked","test_or_versioned_reference","validation",".uid","authored source","tests/test_runner.gd","golden/test/capture","not_runtime","","no","tests/**","keep; already excluded from export","yes","tests/rack_stand_layout_test.gd","","yes","no",""
"tests/room_plant_drag_controller_test.gd","29796","0,0284","0FACCF79CE66B086D4B035E5EFCEF5EC1BB856F69C314B8F1092F7010A4E3FFF","untracked","test_or_versioned_reference","validation",".gd","authored source","tests/test_runner.gd","golden/test/capture","not_runtime","","no","tests/**","keep; already excluded from export","yes","","","yes","no",""
"tests/room_plant_drag_controller_test.gd.uid","19","0","9A24C8420DA69AD89BB36AAB3850C39F31514B3E0097A6F225C1C4AE057913D5","untracked","test_or_versioned_reference","validation",".uid","authored source","tests/test_runner.gd","golden/test/capture","not_runtime","","no","tests/**","keep; already excluded from export","yes","tests/room_plant_drag_controller_test.gd","","yes","no",""
"tests/room_plant_drag_integration_test.gd","20391","0,0194","AB0A8F143C59C12ED2D05C71B3A0DDEC2AE9A90ACABE62149D434B49167808A0","untracked","test_or_versioned_reference","validation",".gd","authored source","tests/test_runner.gd","golden/test/capture","not_runtime","","no","tests/**","keep; already excluded from export","yes","","","yes","no",""
"tests/room_plant_drag_integration_test.gd.uid","20","0","4706C54A3297D39B30FFDD13EA6A8EB31594F2781E01C73DD6720C9FFDBFBDDC","untracked","test_or_versioned_reference","validation",".uid","authored source","tests/test_runner.gd","golden/test/capture","not_runtime","","no","tests/**","keep; already excluded from export","yes","tests/room_plant_drag_integration_test.gd","","yes","no",""
"tests/room_plant_edge_cleanup_test.gd","23634","0,0225","F26185E276A5D2952CBD39F5901C8AA33C9C705541ADAECFDE92BC5C34C261AA","untracked","test_or_versioned_reference","validation",".gd","authored source","tests/test_runner.gd","golden/test/capture","not_runtime","","no","tests/**","keep; already excluded from export","yes","","","yes","no",""
"tests/room_plant_edge_cleanup_test.gd.uid","19","0","2D1079B441607A561BEE84868C8F4BDBD140FDE4F51D4F764A74567305BA786C","untracked","test_or_versioned_reference","validation",".uid","authored source","tests/test_runner.gd","golden/test/capture","not_runtime","","no","tests/**","keep; already excluded from export","yes","tests/room_plant_edge_cleanup_test.gd","","yes","no",""
"tests/room_plant_move_model_test.gd","21410","0,0204","A23E6F627F4EEBF567932EAC93DBEABAD6EE97A06FAB0B321AFD8FA467998F76","untracked","test_or_versioned_reference","validation",".gd","authored source","tests/test_runner.gd","golden/test/capture","not_runtime","","no","tests/**","keep; already excluded from export","yes","","","yes","no",""
"tests/room_plant_move_model_test.gd.uid","20","0","0F7A8D437D296B2412EBA7E876DA07C0429B8D53E4BF191E56D9D8F6A4836262","untracked","test_or_versioned_reference","validation",".uid","authored source","tests/test_runner.gd","golden/test/capture","not_runtime","","no","tests/**","keep; already excluded from export","yes","tests/room_plant_move_model_test.gd","","yes","no",""
"tests/room_plant_render_geometry_test.gd","35364","0,0337","FAA8398E60B047446FDF6DDDD47B4C6F1C86D05BE23A90408776A583C1C09176","untracked","test_or_versioned_reference","validation",".gd","authored source","tests/test_runner.gd","golden/test/capture","not_runtime","","no","tests/**","keep; already excluded from export","yes","","","yes","no",""
"tests/room_plant_render_geometry_test.gd.uid","19","0","DFBD7F73753B4E34539BB0097F88B6246147DA6A593C6CBB3B84DC7B86EBEC98","untracked","test_or_versioned_reference","validation",".uid","authored source","tests/test_runner.gd","golden/test/capture","not_runtime","","no","tests/**","keep; already excluded from export","yes","tests/room_plant_render_geometry_test.gd","","yes","no",""
"tests/room_render_efficiency_test.gd","13585","0,013","11E283EECBCA4A6499C5ABD6EEDA2016E8820AB47DDB7DA5320F862B0F6A79B0","untracked","test_or_versioned_reference","validation",".gd","authored source","tests/test_runner.gd","golden/test/capture","not_runtime","","no","tests/**","keep; already excluded from export","yes","","","yes","no",""
"tests/room_render_efficiency_test.gd.uid","20","0","2FB7BA92CB2A08C3E52DADD27A4F5B9EA311B98CEA388554577B719C0FCAA820","untracked","test_or_versioned_reference","validation",".uid","authored source","tests/test_runner.gd","golden/test/capture","not_runtime","","no","tests/**","keep; already excluded from export","yes","tests/room_render_efficiency_test.gd","","yes","no",""
"tools/build_phase167_room_plant_alpha.py","8570","0,0082","741B26E7A7CF521AA757B9EB68C14F85C4609826F693B521E263953E14CC4E28","untracked","source_art","source",".py","authored source","","","not_runtime","","no","tools/**","keep in Git; tools/** already excluded","yes","","","no","yes",""
"tools/build_phase169_room_plant_edges.py","13764","0,0131","BBE98B9AC372D6309D645695E10C880622523659027C2FC267D3E11CC38E7D92","untracked","source_art","source",".py","authored source","","","not_runtime","","no","tools/**","keep in Git; tools/** already excluded","yes","","","no","yes",""
"tools/build_phase170_rack_footprints.py","3745","0,0036","24AA9C99B2C283C8E3DED36934D9389E675F83438F6002772C421C73EE42736E","untracked","source_art","source",".py","authored source","","","not_runtime","","no","tools/**","keep in Git; tools/** already excluded","yes","","","no","yes",""
"tools/capture_phase170_rack.gd","3040","0,0029","CED28E0BD283510434BDB66BE3FF7F7A67A41CE1F8869F455783B13124EF47E0","untracked","test_or_versioned_reference","validation",".gd","authored source","phase validation commands and documentation","golden/test/capture","not_runtime","","no","tools/**","keep; already excluded from export","yes","","","yes","no",""
"tools/capture_phase170_rack.gd.uid","20","0","7955B9A936EAB07DA51B0C4855EF912B5DA42BDEEFFA2AD8E8AE2875FC134D28","untracked","test_or_versioned_reference","validation",".uid","authored source","phase validation commands and documentation","golden/test/capture","not_runtime","","no","tools/**","keep; already excluded from export","yes","tools/capture_phase170_rack.gd","","yes","no",""
"tools/capture_phase171_rack.gd","3040","0,0029","85C3A4D74AB1B6291C96BB027381D97DBF7B91F2271C077A325E4D39D8E5C7BB","untracked","test_or_versioned_reference","validation",".gd","authored source","phase validation commands and documentation","golden/test/capture","not_runtime","","no","tools/**","keep; already excluded from export","yes","","","yes","no",""
"tools/capture_phase171_rack.gd.uid","20","0","24A73F60CD1F44EA23B63F7F860EE454BD323A83106A3E977F728A5784700DD9","untracked","test_or_versioned_reference","validation",".uid","authored source","phase validation commands and documentation","golden/test/capture","not_runtime","","no","tools/**","keep; already excluded from export","yes","tools/capture_phase171_rack.gd","","yes","no",""
"tools/capture_phase172_detail.gd","5094","0,0049","5F670F0EB782B909008B1FA3E699363C4C18CA035CA967DCCF2B6CCF88A415CE","untracked","test_or_versioned_reference","validation",".gd","authored source","phase validation commands and documentation","golden/test/capture","not_runtime","","no","tools/**","keep; already excluded from export","yes","","","yes","no",""
"tools/capture_phase172_detail.gd.uid","19","0","4A4EBF0B3F0700B7DD5767F4ECAF01DF27D78C95F3908F6AECC632BE7FC0228D","untracked","test_or_versioned_reference","validation",".uid","authored source","phase validation commands and documentation","golden/test/capture","not_runtime","","no","tools/**","keep; already excluded from export","yes","tools/capture_phase172_detail.gd","","yes","no",""
"tools/capture_phase173_header.gd","4034","0,0038","7C5D9D511932F9588C2608B7538A863DE039AC9FED5E633EB0A1EFD2DD60794F","untracked","test_or_versioned_reference","validation",".gd","authored source","phase validation commands and documentation","golden/test/capture","not_runtime","","no","tools/**","keep; already excluded from export","yes","","","yes","no",""
"tools/capture_phase173_header.gd.uid","20","0","1F0AD355371CB6227275F892BD20F505D196D5E2F6E9E532DBD63A71EF869A37","untracked","test_or_versioned_reference","validation",".uid","authored source","phase validation commands and documentation","golden/test/capture","not_runtime","","no","tools/**","keep; already excluded from export","yes","tools/capture_phase173_header.gd","","yes","no",""
"tools/capture_phase174_greenhouse.gd","2452","0,0023","355FB007BD5E01113F48D8056ABD479AAD5D22DE3F076F49184738B340C24D3D","untracked","test_or_versioned_reference","validation",".gd","authored source","phase validation commands and documentation","golden/test/capture","not_runtime","","no","tools/**","keep; already excluded from export","yes","","","yes","no",""
"tools/capture_phase174_greenhouse.gd.uid","20","0","D85EF51963DFC8719BC1A2EC690984F45301D321116EC7948B5A7AA2B0B26238","untracked","test_or_versioned_reference","validation",".uid","authored source","phase validation commands and documentation","golden/test/capture","not_runtime","","no","tools/**","keep; already excluded from export","yes","tools/capture_phase174_greenhouse.gd","","yes","no",""
"tools/capture_phase175_hud.gd","2478","0,0024","BCE6AF9567BC03A204B993C648EDCEC51F9621115BD7C9F807442855C3BBD60E","untracked","test_or_versioned_reference","validation",".gd","authored source","phase validation commands and documentation","golden/test/capture","not_runtime","","no","tools/**","keep; already excluded from export","yes","","","yes","no",""
"tools/capture_phase175_hud.gd.uid","20","0","4AD0E2DEFFBAAEDA91A91F7B41591F8EBC955C213ECD34615BD450FBC8415B04","untracked","test_or_versioned_reference","validation",".uid","authored source","phase validation commands and documentation","golden/test/capture","not_runtime","","no","tools/**","keep; already excluded from export","yes","tools/capture_phase175_hud.gd","","yes","no",""
"tools/capture_phase176_greenhouse.gd","2540","0,0024","5F8B62F8FC1911A8E0DB7A6EF632249792E464121D378CB370917507BDD6DF50","untracked","test_or_versioned_reference","validation",".gd","authored source","phase validation commands and documentation","golden/test/capture","not_runtime","","no","tools/**","keep; already excluded from export","yes","","","yes","no",""
"tools/capture_phase176_greenhouse.gd.uid","20","0","8FF13E8956C716A0A5BB3FC173402D471F917239292C0E707BCA87713A07D04C","untracked","test_or_versioned_reference","validation",".uid","authored source","phase validation commands and documentation","golden/test/capture","not_runtime","","no","tools/**","keep; already excluded from export","yes","tools/capture_phase176_greenhouse.gd","","yes","no",""
"tools/capture_phase177_greenhouse_seedlings.gd","2204","0,0021","4F1C28864A34CA024F1EE03FB4EC6DB22B549AD08E07F4D0F6A6939DA205A94A","untracked","test_or_versioned_reference","validation",".gd","authored source","phase validation commands and documentation","golden/test/capture","not_runtime","","no","tools/**","keep; already excluded from export","yes","","","yes","no",""
"tools/capture_phase177_greenhouse_seedlings.gd.uid","23","0","AFC0984BE8BB30BC4A43CCBB354B602B731AE444C4ED73085165452C31C4E4B6","untracked","test_or_versioned_reference","validation",".uid","authored source","phase validation commands and documentation","golden/test/capture","not_runtime","","no","tools/**","keep; already excluded from export","yes","tools/capture_phase177_greenhouse_seedlings.gd","","yes","no",""
"tools/capture_phase178_greenhouse_seedling_depth.gd","2210","0,0021","994CFA31F0CC273C88F886FA3BD30ED8C15BE2A724A45212465B6A50765DDE8C","untracked","test_or_versioned_reference","validation",".gd","authored source","phase validation commands and documentation","golden/test/capture","not_runtime","","no","tools/**","keep; already excluded from export","yes","","","yes","no",""
"tools/capture_phase178_greenhouse_seedling_depth.gd.uid","23","0","C6102068F39B6A6C20CE98FAAC4FD3242F007186675751BE21DD9BC9145195A7","untracked","test_or_versioned_reference","validation",".uid","authored source","phase validation commands and documentation","golden/test/capture","not_runtime","","no","tools/**","keep; already excluded from export","yes","tools/capture_phase178_greenhouse_seedling_depth.gd","","yes","no",""
"tools/capture_phase179_rack_lights.gd","6383","0,0061","AD3BBE348857ACC76416714388FF50833598C77C9C4B1C0CC13964AEF0C3682B","untracked","test_or_versioned_reference","validation",".gd","authored source","phase validation commands and documentation","golden/test/capture","not_runtime","","no","tools/**","keep; already excluded from export","yes","","","yes","no",""
"tools/capture_phase179_rack_lights.gd.uid","27","0","3E15496EF6C3CCACC9BC72F370A3BFE1B43A6B2C708DD7DC85A628B8F9501FC3","untracked","test_or_versioned_reference","validation",".uid","authored source","phase validation commands and documentation","golden/test/capture","not_runtime","","no","tools/**","keep; already excluded from export","yes","tools/capture_phase179_rack_lights.gd","","yes","no",""
"tools/capture_phase182_professor_launcher.gd","4852","0,0046","E8E2A07C79BB9C36F86E7F29DDDA951FA1E30DE92E6566908A2DFB920CF7F12F","untracked","test_or_versioned_reference","validation",".gd","authored source","phase validation commands and documentation","golden/test/capture","not_runtime","","no","tools/**","keep; already excluded from export","yes","","","yes","no",""
"tools/capture_phase182_professor_launcher.gd.uid","20","0","587E5886056767EE94437F89C5F3E4191BC82E3645E1B461041F0A385391E79D","untracked","test_or_versioned_reference","validation",".uid","authored source","phase validation commands and documentation","golden/test/capture","not_runtime","","no","tools/**","keep; already excluded from export","yes","tools/capture_phase182_professor_launcher.gd","","yes","no",""
"tools/capture_phase183_rack_dock.gd","4061","0,0039","88B5DF8A42828C3CD8DBBBFD3DFCE2E90A449526E847F5206931C4B24EB01916","untracked","test_or_versioned_reference","validation",".gd","authored source","phase validation commands and documentation","golden/test/capture","not_runtime","","no","tools/**","keep; already excluded from export","yes","","","yes","no",""
"tools/capture_phase183_rack_dock.gd.uid","19","0","0A3D646BED33302331A963C24E95F53C872BC38F41DDF8C554ED6766B1CF3F2D","untracked","test_or_versioned_reference","validation",".uid","authored source","phase validation commands and documentation","golden/test/capture","not_runtime","","no","tools/**","keep; already excluded from export","yes","tools/capture_phase183_rack_dock.gd","","yes","no",""
